Taxon	Major_Clade	Minor_Clade
Babesia	Alveolata	Apicomplexa
Babesia	Alveolata	Apicomplexa
Cryptosporidium	Alveolata	Apicomplexa
Cryptosporidium	Alveolata	Apicomplexa
Cryptosporidium	Alveolata	Apicomplexa
Cyclospora	Alveolata	Apicomplexa
Cystoisospora	Alveolata	Apicomplexa
Gregarina	Alveolata	Apicomplexa
Hammondia	Alveolata	Apicomplexa
Neospora	Alveolata	Apicomplexa
Theileria	Alveolata	Apicomplexa
Theileria	Alveolata	Apicomplexa
Theileria	Alveolata	Apicomplexa
Toxoplasma	Alveolata	Apicomplexa
Ancora	Alveolata	Apicomplexa
Babesia	Alveolata	Apicomplexa
Babesia	Alveolata	Apicomplexa
Blabericola	Alveolata	Apicomplexa
Cephaloidophora	Alveolata	Apicomplexa
Cryptosporidium	Alveolata	Apicomplexa
Cryptosporidium	Alveolata	Apicomplexa
Devanium	Alveolata	Apicomplexa
Digyalum	Alveolata	Apicomplexa
Eimeria	Alveolata	Apicomplexa
Eleutheroschizon	Alveolata	Apicomplexa
Ganymedes	Alveolata	Apicomplexa
Ganymedes	Alveolata	Apicomplexa
Haemoproteus	Alveolata	Apicomplexa
Klossia	Alveolata	Apicomplexa
Lankesteria	Alveolata	Apicomplexa
Lankesteria	Alveolata	Apicomplexa
Margolisiella	Alveolata	Apicomplexa
Merocystis	Alveolata	Apicomplexa
Monocystis	Alveolata	Apicomplexa
Ophryocystis	Alveolata	Apicomplexa
Plasmodium	Alveolata	Apicomplexa
Plasmodium	Alveolata	Apicomplexa
Platyproteum	Alveolata	Apicomplexa
Polyplicarium	Alveolata	Apicomplexa
Pterospora	Alveolata	Apicomplexa
Sarcocystis	Alveolata	Apicomplexa
Sarcocystis	Alveolata	Apicomplexa
Selenidium	Alveolata	Apicomplexa
Selenidium	Alveolata	Apicomplexa
Selenidium	Alveolata	Apicomplexa
Selenidium	Alveolata	Apicomplexa
Selenidium	Alveolata	Apicomplexa
Selenidium	Alveolata	Apicomplexa
Siedleckia	Alveolata	Apicomplexa
Siedleckia	Alveolata	Apicomplexa
Thiriotia	Alveolata	Apicomplexa
Trichotokara	Alveolata	Apicomplexa
Moneuplotes	Alveolata	Ciliophora
Stentor	Alveolata	Ciliophora
Stylonychia	Alveolata	Ciliophora
Anaerocyclidium	Alveolata	Ciliophora
Apodileptus	Alveolata	Ciliophora
Balantidium	Alveolata	Ciliophora
Blepharisma	Alveolata	Ciliophora
Blepharisma	Alveolata	Ciliophora
Blepharisma	Alveolata	Ciliophora
Bourlandella	Alveolata	Ciliophora
Brachonella	Alveolata	Ciliophora
Brachonella	Alveolata	Ciliophora
Bursaria	Alveolata	Ciliophora
Campanella	Alveolata	Ciliophora
Chilodonella	Alveolata	Ciliophora
Chilodonella	Alveolata	Ciliophora
Climacostomum	Alveolata	Ciliophora
Colpoda	Alveolata	Ciliophora
Colpoda	Alveolata	Ciliophora
Colpoda	Alveolata	Ciliophora
Dasytricha	Alveolata	Ciliophora
Diplodinium	Alveolata	Ciliophora
Enoploplastron	Alveolata	Ciliophora
Entodinium	Alveolata	Ciliophora
Entodinium	Alveolata	Ciliophora
Entodinium	Alveolata	Ciliophora
Entodinium	Alveolata	Ciliophora
Euplotes	Alveolata	Ciliophora
Euplotes	Alveolata	Ciliophora
Euplotes	Alveolata	Ciliophora
Euplotes	Alveolata	Ciliophora
Euplotes	Alveolata	Ciliophora
Euplotes	Alveolata	Ciliophora
Euplotes	Alveolata	Ciliophora
Favella	Alveolata	Ciliophora
Halteria	Alveolata	Ciliophora
Haptorida	Alveolata	Ciliophora
Heterometopus	Alveolata	Ciliophora
Isotricha	Alveolata	Ciliophora
Litonotus	Alveolata	Ciliophora
Maristentor	Alveolata	Ciliophora
Mesodinium	Alveolata	Ciliophora
Mesodinium	Alveolata	Ciliophora
Mesodinium	Alveolata	Ciliophora
Mesodinium	Alveolata	Ciliophora
Metopus	Alveolata	Ciliophora
Metopus	Alveolata	Ciliophora
Metopus	Alveolata	Ciliophora
Moneuplotes	Alveolata	Ciliophora
Muranothrix	Alveolata	Ciliophora
Nolandia	Alveolata	Ciliophora
Nyctotherus	Alveolata	Ciliophora
Ophryoscolex	Alveolata	Ciliophora
Paralembus	Alveolata	Ciliophora
Paraurostyla	Alveolata	Ciliophora
Phacodinium	Alveolata	Ciliophora
Plagiopyla	Alveolata	Ciliophora
Platyophrya	Alveolata	Ciliophora
Polyplastron	Alveolata	Ciliophora
Prorodon	Alveolata	Ciliophora
Protocruzia	Alveolata	Ciliophora
Protocruzia	Alveolata	Ciliophora
Protocruzia	Alveolata	Ciliophora
Pseudoamphisiella	Alveolata	Ciliophora
Pseudokeronopsis	Alveolata	Ciliophora
Pseudokeronopsis	Alveolata	Ciliophora
Pseudokeronopsis	Alveolata	Ciliophora
Pseudomicrothorax	Alveolata	Ciliophora
Rimaleptus	Alveolata	Ciliophora
Schmidingerella	Alveolata	Ciliophora
Spirostomum	Alveolata	Ciliophora
Spirostomum	Alveolata	Ciliophora
Spirostomum	Alveolata	Ciliophora
Spirostomum	Alveolata	Ciliophora
Spirostomum	Alveolata	Ciliophora
Stentor	Alveolata	Ciliophora
Stentor	Alveolata	Ciliophora
Strombidinopsis	Alveolata	Ciliophora
Strombidium	Alveolata	Ciliophora
Strombidium	Alveolata	Ciliophora
Stylonychia	Alveolata	Ciliophora
Thigmothrix	Alveolata	Ciliophora
Tiarina	Alveolata	Ciliophora
Trachelius	Alveolata	Ciliophora
Uroleptopsis	Alveolata	Ciliophora
Urostomides	Alveolata	Ciliophora
Vorticella	Alveolata	Ciliophora
Wilbertomorpha	Alveolata	Ciliophora
Zoothamnium	Alveolata	Ciliophora
Vitrella	Alveolata	Colpodellida
Chromera	Alveolata	Colpodellida
Colpodella	Alveolata	Colpodellida
Colponema	Alveolata	Colpodellida
Cladocopium	Alveolata	Dinophyceae
Durusdinium	Alveolata	Dinophyceae
Effrenium	Alveolata	Dinophyceae
Perkinsus	Alveolata	Dinophyceae
Perkinsus	Alveolata	Dinophyceae
Polarella	Alveolata	Dinophyceae
Prorocentrum	Alveolata	Dinophyceae
Symbiodinium	Alveolata	Dinophyceae
Symbiodinium	Alveolata	Dinophyceae
Symbiodinium	Alveolata	Dinophyceae
Abedinium	Alveolata	Dinophyceae
Akashiwo	Alveolata	Dinophyceae
Alexandrium	Alveolata	Dinophyceae
Alexandrium	Alveolata	Dinophyceae
Alexandrium	Alveolata	Dinophyceae
Alexandrium	Alveolata	Dinophyceae
Alexandrium	Alveolata	Dinophyceae
Alexandrium	Alveolata	Dinophyceae
Alexandrium	Alveolata	Dinophyceae
Alexandrium	Alveolata	Dinophyceae
Alexandrium	Alveolata	Dinophyceae
Alexandrium	Alveolata	Dinophyceae
Alexandrium	Alveolata	Dinophyceae
Amyloodinium	Alveolata	Dinophyceae
Ankistrodinium	Alveolata	Dinophyceae
Ansanella	Alveolata	Dinophyceae
Apocalathium	Alveolata	Dinophyceae
Azadinium	Alveolata	Dinophyceae
Balechina	Alveolata	Dinophyceae
Biecheleria	Alveolata	Dinophyceae
Biecheleriopsis	Alveolata	Dinophyceae
Breviolum	Alveolata	Dinophyceae
Breviolum	Alveolata	Dinophyceae
Breviolum	Alveolata	Dinophyceae
Breviolum	Alveolata	Dinophyceae
Chimonodinium	Alveolata	Dinophyceae
Cochlodinium	Alveolata	Dinophyceae
Coolia	Alveolata	Dinophyceae
Coolia	Alveolata	Dinophyceae
Crypthecodinium	Alveolata	Dinophyceae
Cyklopsia	Alveolata	Dinophyceae
Dinophysis	Alveolata	Dinophyceae
Dinophysis	Alveolata	Dinophyceae
Dinophysis	Alveolata	Dinophyceae
Dinophysis	Alveolata	Dinophyceae
Dinophysis	Alveolata	Dinophyceae
Dinophysis	Alveolata	Dinophyceae
Durinskia	Alveolata	Dinophyceae
Durinskia	Alveolata	Dinophyceae
Durinskia	Alveolata	Dinophyceae
Durinskia	Alveolata	Dinophyceae
Eleftheros	Alveolata	Dinophyceae
Fabadinium	Alveolata	Dinophyceae
Freudenthalidium	Alveolata	Dinophyceae
Freudenthalidium	Alveolata	Dinophyceae
Fugacium	Alveolata	Dinophyceae
Gambierdiscus	Alveolata	Dinophyceae
Gambierdiscus	Alveolata	Dinophyceae
Gambierdiscus	Alveolata	Dinophyceae
Gambierdiscus	Alveolata	Dinophyceae
Gambierdiscus	Alveolata	Dinophyceae
Gambierdiscus	Alveolata	Dinophyceae
Gambierdiscus	Alveolata	Dinophyceae
Gambierdiscus	Alveolata	Dinophyceae
Gambierdiscus	Alveolata	Dinophyceae
Gambierdiscus	Alveolata	Dinophyceae
Gonyaulax	Alveolata	Dinophyceae
Gymnodinium	Alveolata	Dinophyceae
Gymnodinium	Alveolata	Dinophyceae
Gymnodinium	Alveolata	Dinophyceae
Gymnoxanthella	Alveolata	Dinophyceae
Gyrodinium	Alveolata	Dinophyceae
Halluxium	Alveolata	Dinophyceae
Haplozoon	Alveolata	Dinophyceae
Haplozoon	Alveolata	Dinophyceae
Heterocapsa	Alveolata	Dinophyceae
Heterocapsa	Alveolata	Dinophyceae
Heterocapsa	Alveolata	Dinophyceae
Karenia	Alveolata	Dinophyceae
Karenia	Alveolata	Dinophyceae
Karenia	Alveolata	Dinophyceae
Karenia	Alveolata	Dinophyceae
Kryptoperidinium	Alveolata	Dinophyceae
Kryptoperidinium	Alveolata	Dinophyceae
Lepidodinium	Alveolata	Dinophyceae
Levanderina	Alveolata	Dinophyceae
Lingulodinium	Alveolata	Dinophyceae
Margalefidinium	Alveolata	Dinophyceae
Noctiluca	Alveolata	Dinophyceae
Ostreopsis	Alveolata	Dinophyceae
Ostreopsis	Alveolata	Dinophyceae
Ostreopsis	Alveolata	Dinophyceae
Oxyrrhis	Alveolata	Dinophyceae
Oxytoxum	Alveolata	Dinophyceae
Palatinus	Alveolata	Dinophyceae
Paragymnodinium	Alveolata	Dinophyceae
Parvilucifera	Alveolata	Dinophyceae
Parvodinium	Alveolata	Dinophyceae
Parvodinium	Alveolata	Dinophyceae
Pelagodinium	Alveolata	Dinophyceae
Peridinium	Alveolata	Dinophyceae
Peridinium	Alveolata	Dinophyceae
Peridinium	Alveolata	Dinophyceae
Pfiesteria	Alveolata	Dinophyceae
Phalacroma	Alveolata	Dinophyceae
Polykrikos	Alveolata	Dinophyceae
Prorocentrum	Alveolata	Dinophyceae
Prorocentrum	Alveolata	Dinophyceae
Prorocentrum	Alveolata	Dinophyceae
Prorocentrum	Alveolata	Dinophyceae
Prorocentrum	Alveolata	Dinophyceae
Prorocentrum	Alveolata	Dinophyceae
Prorocentrum	Alveolata	Dinophyceae
Protoceratium	Alveolata	Dinophyceae
Protoperidinium	Alveolata	Dinophyceae
Protoperidinium	Alveolata	Dinophyceae
Pyrodinium	Alveolata	Dinophyceae
Scrippsiella	Alveolata	Dinophyceae
Scrippsiella	Alveolata	Dinophyceae
Symbiodinium	Alveolata	Dinophyceae
Symbiodinium	Alveolata	Dinophyceae
Symbiodinium	Alveolata	Dinophyceae
Symbiodinium	Alveolata	Dinophyceae
Takayama	Alveolata	Dinophyceae
Tripos	Alveolata	Dinophyceae
Yihiella	Alveolata	Dinophyceae
Zooxanthella	Alveolata	Dinophyceae
Acanthamoeba	Amoebozoa	
Acytostelium	Amoebozoa	
Balamuthia	Amoebozoa	
Cavenderia	Amoebozoa	
Dictyostelium	Amoebozoa	
Dictyostelium	Amoebozoa	
Dictyostelium	Amoebozoa	
Dictyostelium	Amoebozoa	
Dictyostelium	Amoebozoa	
Entamoeba	Amoebozoa	
Entamoeba	Amoebozoa	
Entamoeba	Amoebozoa	
Entamoeba	Amoebozoa	
Entamoeba	Amoebozoa	
Pelomyxa	Amoebozoa	
Planoprotostelium	Amoebozoa	
Polysphondylium	Amoebozoa	
Tieghemostelium	Amoebozoa	
Acanthamoeba	Amoebozoa	
Acanthamoeba	Amoebozoa	
Acanthamoeba	Amoebozoa	
Acanthamoeba	Amoebozoa	
Acramoeba	Amoebozoa	
Amoeba	Amoebozoa	
Arcella	Amoebozoa	
Cavenderia	Amoebozoa	
Cavenderia	Amoebozoa	
Cavenderia	Amoebozoa	
Cavostelium	Amoebozoa	
Ceratiomyxa	Amoebozoa	
Clastostelium	Amoebozoa	
Cochliopodium	Amoebozoa	
Cochliopodium	Amoebozoa	
Copromyxa	Amoebozoa	
Cyclopyxis	Amoebozoa	
Dermamoeba	Amoebozoa	
Dictyostelium	Amoebozoa	
Dictyostelium	Amoebozoa	
Dictyostelium	Amoebozoa	
Dictyostelium	Amoebozoa	
Dictyostelium	Amoebozoa	
Didymium	Amoebozoa	
Didymium	Amoebozoa	
Difflugia	Amoebozoa	
Difflugia	Amoebozoa	
Echinosteliopsis	Amoebozoa	
Endostelium	Amoebozoa	
Filamoeba	Amoebozoa	
Flabellula	Amoebozoa	
Flamella	Amoebozoa	
Fuligo	Amoebozoa	
Hagiwaraea	Amoebozoa	
Heleopera	Amoebozoa	
Heleopera	Amoebozoa	
Heleopera	Amoebozoa	
Heterostelium	Amoebozoa	
Hyalosphenia	Amoebozoa	
Hyalosphenia	Amoebozoa	
Idionectes	Amoebozoa	
Kanabo	Amoebozoa	
Kanabo	Amoebozoa	
Luapeleamoeba	Amoebozoa	
Luapeleamoeba	Amoebozoa	
Mastigamoeba	Amoebozoa	
Mastigamoeba	Amoebozoa	
Mastigella	Amoebozoa	
Mayorella	Amoebozoa	
Mayorella	Amoebozoa	
Microchlamys	Amoebozoa	
Microcorycia	Amoebozoa	
Nebela	Amoebozoa	
Nebela	Amoebozoa	
Nebela	Amoebozoa	
Nematostelium	Amoebozoa	
Netzelia	Amoebozoa	
Netzelia	Amoebozoa	
Paradermamoeba	Amoebozoa	
Parakanabo	Amoebozoa	
Parakanabo	Amoebozoa	
Paramoeba	Amoebozoa	
Paramoeba	Amoebozoa	
Paramoeba	Amoebozoa	
Paramoeba	Amoebozoa	
Paramoeba	Amoebozoa	
Parvamoeba	Amoebozoa	
Parvamoeba	Amoebozoa	
Pellita	Amoebozoa	
Phalansterium	Amoebozoa	
Physarum	Amoebozoa	
Physarum	Amoebozoa	
Physarum	Amoebozoa	
Planocarina	Amoebozoa	
Protostelium	Amoebozoa	
Pyxidicula	Amoebozoa	
Quadrulella	Amoebozoa	
Raperostelium	Amoebozoa	
Raperostelium	Amoebozoa	
Raperostelium	Amoebozoa	
Rhizamoeba	Amoebozoa	
Rhizomastix	Amoebozoa	
Rhizomastix	Amoebozoa	
Rhizomastix	Amoebozoa	
Schizoplasmodiopsis	Amoebozoa	
Schizoplasmodiopsis	Amoebozoa	
Soliformovum	Amoebozoa	
Spumochlamys	Amoebozoa	
Squamamoeba	Amoebozoa	
Stenamoeba	Amoebozoa	
Stereomyxa	Amoebozoa	
Stratorugosa	Amoebozoa	
Stygamoeba	Amoebozoa	
Thecamoeba	Amoebozoa	
Tieghemostelium	Amoebozoa	
Unda	Amoebozoa	
Vannella	Amoebozoa	
Vannella	Amoebozoa	
Vermamoeba	Amoebozoa	
Vermistella	Amoebozoa	
Vexillifera	Amoebozoa	
Fabomonas	Ancyromonadida	 Planomonadidae 
Ancyromonas	Ancyromonadida	Ancyromonadidae
Ancyromonas	Ancyromonadida	Ancyromonadidae
Ancyromonas	Ancyromonadida	Ancyromonadidae
Caraotamonas	Ancyromonadida	Ancyromonadidae
Nyramonas	Ancyromonadida	Ancyromonadidae
Striomonas	Ancyromonadida	Ancyromonadidae
Nutomonas	Ancyromonadida	Nutomonas
Fabomonas	Ancyromonadida	Planomonadidae
Planomonas	Ancyromonadida	Planomonadidae
Thecamonas	Apusozoa	Apusomonadida
Apusomonas	Apusozoa	Apusomonadida
Apusomonas	Apusozoa	Apusomonadida
Catacumbia	Apusozoa	Apusomonadida
Cavaliersmithia	Apusozoa	Apusomonadida
Chelonemonas	Apusozoa	Apusomonadida
Chelonemonas	Apusozoa	Apusomonadida
Karpovia	Apusozoa	Apusomonadida
Multimonas	Apusozoa	Apusomonadida
Mylnikovia	Apusozoa	Apusomonadida
Podomonas	Apusozoa	Apusomonadida
Podomonas	Apusozoa	Apusomonadida
Singekia	Apusozoa	Apusomonadida
Singekia	Apusozoa	Apusomonadida
Apatococcus	Archaeplastida	Chlorophyta
Astrephomene	Archaeplastida	Chlorophyta
Auxenochlorella	Archaeplastida	Chlorophyta
Bathycoccus	Archaeplastida	Chlorophyta
Chlorella	Archaeplastida	Chlorophyta
Chlorella	Archaeplastida	Chlorophyta
Chlorella	Archaeplastida	Chlorophyta
Chloropicon	Archaeplastida	Chlorophyta
Chloropicon	Archaeplastida	Chlorophyta
Coccomyxa	Archaeplastida	Chlorophyta
Coccomyxa	Archaeplastida	Chlorophyta
Cymbomonas	Archaeplastida	Chlorophyta
Dunaliella	Archaeplastida	Chlorophyta
Elliptochloris	Archaeplastida	Chlorophyta
Micractinium	Archaeplastida	Chlorophyta
Micractinium	Archaeplastida	Chlorophyta
Micromonas	Archaeplastida	Chlorophyta
Monoraphidium	Archaeplastida	Chlorophyta
Myrmecia	Archaeplastida	Chlorophyta
Ostreobium	Archaeplastida	Chlorophyta
Ostreococcus	Archaeplastida	Chlorophyta
Parachlorella	Archaeplastida	Chlorophyta
Picocystis	Archaeplastida	Chlorophyta
Pleodorina	Archaeplastida	Chlorophyta
Prototheca	Archaeplastida	Chlorophyta
Pseudoscourfieldia	Archaeplastida	Chlorophyta
Pycnococcus	Archaeplastida	Chlorophyta
Raphidocelis	Archaeplastida	Chlorophyta
Sanguina	Archaeplastida	Chlorophyta
Scenedesmus	Archaeplastida	Chlorophyta
Symbiochloris	Archaeplastida	Chlorophyta
Tetradesmus	Archaeplastida	Chlorophyta
Volvox	Archaeplastida	Chlorophyta
Volvox	Archaeplastida	Chlorophyta
Acutodesmus	Archaeplastida	Chlorophyta
Aegagropila	Archaeplastida	Chlorophyta
Ankistrodesmus	Archaeplastida	Chlorophyta
Aphanochaete	Archaeplastida	Chlorophyta
Aphanochaete	Archaeplastida	Chlorophyta
Aphanochaete	Archaeplastida	Chlorophyta
Asteromonas	Archaeplastida	Chlorophyta
Astrephomene	Archaeplastida	Chlorophyta
Atractomorpha	Archaeplastida	Chlorophyta
Bryopsis	Archaeplastida	Chlorophyta
Calidiella	Archaeplastida	Chlorophyta
Calidiella	Archaeplastida	Chlorophyta
Carteria	Archaeplastida	Chlorophyta
Caulerpa	Archaeplastida	Chlorophyta
Caulerpa	Archaeplastida	Chlorophyta
Caulerpa	Archaeplastida	Chlorophyta
Caulerpa	Archaeplastida	Chlorophyta
Caulerpa	Archaeplastida	Chlorophyta
Caulerpa	Archaeplastida	Chlorophyta
Cephaleuros	Archaeplastida	Chlorophyta
Chaetomorpha	Archaeplastida	Chlorophyta
Chaetopeltis	Archaeplastida	Chlorophyta
Chaetophora	Archaeplastida	Chlorophyta
Chaetophoropsis	Archaeplastida	Chlorophyta
Chaetophoropsis	Archaeplastida	Chlorophyta
Chlamydomonas	Archaeplastida	Chlorophyta
Chlamydomonas	Archaeplastida	Chlorophyta
Chlamydomonas	Archaeplastida	Chlorophyta
Chlamydomonas	Archaeplastida	Chlorophyta
Chlamydomonas	Archaeplastida	Chlorophyta
Chlamydomonas	Archaeplastida	Chlorophyta
Chlamydomonas	Archaeplastida	Chlorophyta
Chlamydomonas	Archaeplastida	Chlorophyta
Chlamydomonas	Archaeplastida	Chlorophyta
Chlamydomonas	Archaeplastida	Chlorophyta
Chlorella	Archaeplastida	Chlorophyta
Chlorocladiella	Archaeplastida	Chlorophyta
Chlorocladiella	Archaeplastida	Chlorophyta
Chloroclados	Archaeplastida	Chlorophyta
Chlorococcum	Archaeplastida	Chlorophyta
Chlorococcum	Archaeplastida	Chlorophyta
Chlorococcum	Archaeplastida	Chlorophyta
Chlorococcum	Archaeplastida	Chlorophyta
Chlorodesmis	Archaeplastida	Chlorophyta
Chloroidium	Archaeplastida	Chlorophyta
Chlorominima	Archaeplastida	Chlorophyta
Chloromonas	Archaeplastida	Chlorophyta
Chloromonas	Archaeplastida	Chlorophyta
Chloromonas	Archaeplastida	Chlorophyta
Chloromonas	Archaeplastida	Chlorophyta
Chloromonas	Archaeplastida	Chlorophyta
Chloromonas	Archaeplastida	Chlorophyta
Chloropicon	Archaeplastida	Chlorophyta
Chloropicon	Archaeplastida	Chlorophyta
Chodatodesmus	Archaeplastida	Chlorophyta
Chromochloris	Archaeplastida	Chlorophyta
Cladophora	Archaeplastida	Chlorophyta
Codium	Archaeplastida	Chlorophyta
Codium	Archaeplastida	Chlorophyta
Coelastrella	Archaeplastida	Chlorophyta
Coelastrella	Archaeplastida	Chlorophyta
Coelastrella	Archaeplastida	Chlorophyta
Coelastrella	Archaeplastida	Chlorophyta
Coelastrum	Archaeplastida	Chlorophyta
Coelastrum	Archaeplastida	Chlorophyta
Coelastrum	Archaeplastida	Chlorophyta
Coelastrum	Archaeplastida	Chlorophyta
Colemanosphaera	Archaeplastida	Chlorophyta
Colemanosphaera	Archaeplastida	Chlorophyta
Crucigenia	Archaeplastida	Chlorophyta
Crustomastix	Archaeplastida	Chlorophyta
Cylindrocapsa	Archaeplastida	Chlorophyta
Desmochloris	Archaeplastida	Chlorophyta
Desmodesmus	Archaeplastida	Chlorophyta
Desmodesmus	Archaeplastida	Chlorophyta
Desmodesmus	Archaeplastida	Chlorophyta
Desmodesmus	Archaeplastida	Chlorophyta
Desmodesmus	Archaeplastida	Chlorophyta
Desmodesmus	Archaeplastida	Chlorophyta
Desmodesmus	Archaeplastida	Chlorophyta
Desmodesmus	Archaeplastida	Chlorophyta
Desmodesmus	Archaeplastida	Chlorophyta
Desmodesmus	Archaeplastida	Chlorophyta
Desmodesmus	Archaeplastida	Chlorophyta
Desmodesmus	Archaeplastida	Chlorophyta
Dichotomosiphon	Archaeplastida	Chlorophyta
Diplosphaera	Archaeplastida	Chlorophyta
Dolichomastix	Archaeplastida	Chlorophyta
Draparnaldia	Archaeplastida	Chlorophyta
Dunaliella	Archaeplastida	Chlorophyta
Dunaliella	Archaeplastida	Chlorophyta
Dunaliella	Archaeplastida	Chlorophyta
Dunaliella	Archaeplastida	Chlorophyta
Elliptochloris	Archaeplastida	Chlorophyta
Enallax	Archaeplastida	Chlorophyta
Enallax	Archaeplastida	Chlorophyta
Eremochloris	Archaeplastida	Chlorophyta
Eremosphaera	Archaeplastida	Chlorophyta
Ettlia	Archaeplastida	Chlorophyta
Eudorina	Archaeplastida	Chlorophyta
Eudorina	Archaeplastida	Chlorophyta
Eudorina	Archaeplastida	Chlorophyta
Eudorina	Archaeplastida	Chlorophyta
Eudorina	Archaeplastida	Chlorophyta
Flechtneria	Archaeplastida	Chlorophyta
Floydiella	Archaeplastida	Chlorophyta
Fritschiella	Archaeplastida	Chlorophyta
Fusola	Archaeplastida	Chlorophyta
Glaukea	Archaeplastida	Chlorophyta
Golenkinia	Archaeplastida	Chlorophyta
Gonium	Archaeplastida	Chlorophyta
Gonium	Archaeplastida	Chlorophyta
Gonium	Archaeplastida	Chlorophyta
Gonium	Archaeplastida	Chlorophyta
Graesiella	Archaeplastida	Chlorophyta
Hafniomonas	Archaeplastida	Chlorophyta
Halimeda	Archaeplastida	Chlorophyta
Halimeda	Archaeplastida	Chlorophyta
Halimeda	Archaeplastida	Chlorophyta
Halochlorella	Archaeplastida	Chlorophyta
Halochlorococcum	Archaeplastida	Chlorophyta
Halofilum	Archaeplastida	Chlorophyta
Hazenia	Archaeplastida	Chlorophyta
Heterochlamydomonas	Archaeplastida	Chlorophyta
Hormotilopsis	Archaeplastida	Chlorophyta
Hydrodictyon	Archaeplastida	Chlorophyta
Ignatius	Archaeplastida	Chlorophyta
Leontynka	Archaeplastida	Chlorophyta
Leontynka	Archaeplastida	Chlorophyta
Leptosira	Archaeplastida	Chlorophyta
Lobomonas	Archaeplastida	Chlorophyta
Makinoella	Archaeplastida	Chlorophyta
Mantoniella	Archaeplastida	Chlorophyta
Medakamo	Archaeplastida	Chlorophyta
Messastrum	Archaeplastida	Chlorophyta
Micromonas	Archaeplastida	Chlorophyta
Microthamnion	Archaeplastida	Chlorophyta
Monomastix	Archaeplastida	Chlorophyta
Monoraphidium	Archaeplastida	Chlorophyta
Myrmecia	Archaeplastida	Chlorophyta
Neglectella	Archaeplastida	Chlorophyta
Neglectella	Archaeplastida	Chlorophyta
Neochloris	Archaeplastida	Chlorophyta
Neodesmus	Archaeplastida	Chlorophyta
Neodesmus	Archaeplastida	Chlorophyta
Nephrocytium	Archaeplastida	Chlorophyta
Nephroselmis	Archaeplastida	Chlorophyta
Nephroselmis	Archaeplastida	Chlorophyta
Oedocladium	Archaeplastida	Chlorophyta
Oedocladium	Archaeplastida	Chlorophyta
Oedogonium	Archaeplastida	Chlorophyta
Oedogonium	Archaeplastida	Chlorophyta
Oedogonium	Archaeplastida	Chlorophyta
Oedogonium	Archaeplastida	Chlorophyta
Oedogonium	Archaeplastida	Chlorophyta
Okellya	Archaeplastida	Chlorophyta
Oltmannsiellopsis	Archaeplastida	Chlorophyta
Oltmannsiellopsis	Archaeplastida	Chlorophyta
Oocystis	Archaeplastida	Chlorophyta
Oocystis	Archaeplastida	Chlorophyta
Oocystis	Archaeplastida	Chlorophyta
Oogamochlamys	Archaeplastida	Chlorophyta
Oophila	Archaeplastida	Chlorophyta
Ostreococcus	Archaeplastida	Chlorophyta
Pandorina	Archaeplastida	Chlorophyta
Pandorina	Archaeplastida	Chlorophyta
Paulbroadya	Archaeplastida	Chlorophyta
Paulbroadya	Archaeplastida	Chlorophyta
Pectinodesmus	Archaeplastida	Chlorophyta
Pectinodesmus	Archaeplastida	Chlorophyta
Pediastrum	Archaeplastida	Chlorophyta
Pedinomonas	Archaeplastida	Chlorophyta
Penicillus	Archaeplastida	Chlorophyta
Penicillus	Archaeplastida	Chlorophyta
Percursaria	Archaeplastida	Chlorophyta
Phacotus	Archaeplastida	Chlorophyta
Phaeophila	Archaeplastida	Chlorophyta
Phyllosiphon	Archaeplastida	Chlorophyta
Picochlorum	Archaeplastida	Chlorophyta
Picochlorum	Archaeplastida	Chlorophyta
Picochlorum	Archaeplastida	Chlorophyta
Pithophora	Archaeplastida	Chlorophyta
Platydorina	Archaeplastida	Chlorophyta
Pleodorina	Archaeplastida	Chlorophyta
Pleodorina	Archaeplastida	Chlorophyta
Pleodorina	Archaeplastida	Chlorophyta
Pleodorina	Archaeplastida	Chlorophyta
Polulichloris	Archaeplastida	Chlorophyta
Polyblepharides	Archaeplastida	Chlorophyta
Polytomella	Archaeplastida	Chlorophyta
Polytomella	Archaeplastida	Chlorophyta
Polytomella	Archaeplastida	Chlorophyta
Prasiola	Archaeplastida	Chlorophyta
Protoeuglena	Archaeplastida	Chlorophyta
Prototheca	Archaeplastida	Chlorophyta
Prototheca	Archaeplastida	Chlorophyta
Pseudochloris	Archaeplastida	Chlorophyta
Pseudococcomyxa	Archaeplastida	Chlorophyta
Pteromonas	Archaeplastida	Chlorophyta
Pterosperma	Archaeplastida	Chlorophyta
Pyramimonas	Archaeplastida	Chlorophyta
Pyramimonas	Archaeplastida	Chlorophyta
Pyramimonas	Archaeplastida	Chlorophyta
Rhexinema	Archaeplastida	Chlorophyta
Rhexinema	Archaeplastida	Chlorophyta
Scenedesmus	Archaeplastida	Chlorophyta
Scenedesmus	Archaeplastida	Chlorophyta
Scenedesmus	Archaeplastida	Chlorophyta
Scenedesmus	Archaeplastida	Chlorophyta
Scenedesmus	Archaeplastida	Chlorophyta
Scherffelia	Archaeplastida	Chlorophyta
Schizomeris	Archaeplastida	Chlorophyta
Scotinosphaera	Archaeplastida	Chlorophyta
Scotinosphaera	Archaeplastida	Chlorophyta
Selenastrum	Archaeplastida	Chlorophyta
Spermatozopsis	Archaeplastida	Chlorophyta
Spermatozopsis	Archaeplastida	Chlorophyta
Staurocarteria	Archaeplastida	Chlorophyta
Stephanosphaera	Archaeplastida	Chlorophyta
Stichococcus	Archaeplastida	Chlorophyta
Stigeoclonium	Archaeplastida	Chlorophyta
Stigeoclonium	Archaeplastida	Chlorophyta
Stigeoclonium	Archaeplastida	Chlorophyta
Sykidion	Archaeplastida	Chlorophyta
Symbiochlorum	Archaeplastida	Chlorophyta
Tetradesmus	Archaeplastida	Chlorophyta
Tetradesmus	Archaeplastida	Chlorophyta
Tetradesmus	Archaeplastida	Chlorophyta
Tetradesmus	Archaeplastida	Chlorophyta
Tetradesmus	Archaeplastida	Chlorophyta
Tetradesmus	Archaeplastida	Chlorophyta
Tetraedron	Archaeplastida	Chlorophyta
Tetraselmis	Archaeplastida	Chlorophyta
Tetraselmis	Archaeplastida	Chlorophyta
Tetraselmis	Archaeplastida	Chlorophyta
Tetraselmis	Archaeplastida	Chlorophyta
Tetraselmis	Archaeplastida	Chlorophyta
Tetraselmis	Archaeplastida	Chlorophyta
Tetraselmis	Archaeplastida	Chlorophyta
Tetraselmis	Archaeplastida	Chlorophyta
Trebouxia	Archaeplastida	Chlorophyta
Trebouxia	Archaeplastida	Chlorophyta
Trebouxia	Archaeplastida	Chlorophyta
Trebouxia	Archaeplastida	Chlorophyta
Trentepohlia	Archaeplastida	Chlorophyta
Trentepohlia	Archaeplastida	Chlorophyta
Udotea	Archaeplastida	Chlorophyta
Ulothrix	Archaeplastida	Chlorophyta
Ulva	Archaeplastida	Chlorophyta
Ulva	Archaeplastida	Chlorophyta
Ulva	Archaeplastida	Chlorophyta
Ulva	Archaeplastida	Chlorophyta
Ulva	Archaeplastida	Chlorophyta
Ulva	Archaeplastida	Chlorophyta
Ulva	Archaeplastida	Chlorophyta
Ulvella	Archaeplastida	Chlorophyta
Uronema	Archaeplastida	Chlorophyta
Uronema	Archaeplastida	Chlorophyta
Verrucodesmus	Archaeplastida	Chlorophyta
Vitreochlamys	Archaeplastida	Chlorophyta
Vitreochlamys	Archaeplastida	Chlorophyta
Volvox	Archaeplastida	Chlorophyta
Volvox	Archaeplastida	Chlorophyta
Volvox	Archaeplastida	Chlorophyta
Volvox	Archaeplastida	Chlorophyta
Volvox	Archaeplastida	Chlorophyta
Volvox	Archaeplastida	Chlorophyta
Volvox	Archaeplastida	Chlorophyta
Volvox	Archaeplastida	Chlorophyta
Volvox	Archaeplastida	Chlorophyta
Volvox	Archaeplastida	Chlorophyta
Volvox	Archaeplastida	Chlorophyta
Volvulina	Archaeplastida	Chlorophyta
Volvulina	Archaeplastida	Chlorophyta
Volvulina	Archaeplastida	Chlorophyta
Watanabea	Archaeplastida	Chlorophyta
Yamagishiella	Archaeplastida	Chlorophyta
Cyanophora	Archaeplastida	Glaucocystophyceae
Cyanoptyche	Archaeplastida	Glaucocystophyceae
Gloeochaete	Archaeplastida	Glaucocystophyceae
Prasinococcus	Archaeplastida	Prasinodermophyta
Prasinoderma	Archaeplastida	Prasinodermophyta
Prasinoderma	Archaeplastida	Prasinodermophyta
Rhodelphis	Archaeplastida	Rhodelphea
Rhodelphis	Archaeplastida	Rhodelphea
Agarophyton	Archaeplastida	Rhodophyta
Chondrus	Archaeplastida	Rhodophyta
Cyanidiococcus	Archaeplastida	Rhodophyta
Cyanidioschyzon	Archaeplastida	Rhodophyta
Cyanidium	Archaeplastida	Rhodophyta
Delisea	Archaeplastida	Rhodophyta
Galdieria	Archaeplastida	Rhodophyta
Galdieria	Archaeplastida	Rhodophyta
Galdieria	Archaeplastida	Rhodophyta
Gracilaria	Archaeplastida	Rhodophyta
Gracilariopsis	Archaeplastida	Rhodophyta
Porphyridium	Archaeplastida	Rhodophyta
Pyropia	Archaeplastida	Rhodophyta
Pyropia	Archaeplastida	Rhodophyta
Rhodosorus	Archaeplastida	Rhodophyta
Acrochaetium	Archaeplastida	Rhodophyta
Acrochaetium	Archaeplastida	Rhodophyta
Acrochaetium	Archaeplastida	Rhodophyta
Amphiroa	Archaeplastida	Rhodophyta
Asparagopsis	Archaeplastida	Rhodophyta
Asparagopsis	Archaeplastida	Rhodophyta
Bangia	Archaeplastida	Rhodophyta
Betaphycus	Archaeplastida	Rhodophyta
Bostrychia	Archaeplastida	Rhodophyta
Calliarthron	Archaeplastida	Rhodophyta
Camontagnea	Archaeplastida	Rhodophyta
Campylaephora	Archaeplastida	Rhodophyta
Chroodactylon	Archaeplastida	Rhodophyta
Compsopogon	Archaeplastida	Rhodophyta
Devaleraea	Archaeplastida	Rhodophyta
Devaleraea	Archaeplastida	Rhodophyta
Dixoniella	Archaeplastida	Rhodophyta
Dumontia	Archaeplastida	Rhodophyta
Erythrolobus	Archaeplastida	Rhodophyta
Erythrolobus	Archaeplastida	Rhodophyta
Eucheuma	Archaeplastida	Rhodophyta
Glaucosphaera	Archaeplastida	Rhodophyta
Gloiopeltis	Archaeplastida	Rhodophyta
Gracilaria	Archaeplastida	Rhodophyta
Gracilaria	Archaeplastida	Rhodophyta
Gracilaria	Archaeplastida	Rhodophyta
Gracilaria	Archaeplastida	Rhodophyta
Gracilaria	Archaeplastida	Rhodophyta
Gracilaria	Archaeplastida	Rhodophyta
Gracilaria	Archaeplastida	Rhodophyta
Gracilariopsis	Archaeplastida	Rhodophyta
Gracilariopsis	Archaeplastida	Rhodophyta
Gracilariopsis	Archaeplastida	Rhodophyta
Grania	Archaeplastida	Rhodophyta
Grateloupia	Archaeplastida	Rhodophyta
Grateloupia	Archaeplastida	Rhodophyta
Grateloupia	Archaeplastida	Rhodophyta
Grateloupia	Archaeplastida	Rhodophyta
Gymnogongrus	Archaeplastida	Rhodophyta
Heterosiphonia	Archaeplastida	Rhodophyta
Hydrolithon	Archaeplastida	Rhodophyta
Kappaphycus	Archaeplastida	Rhodophyta
Kappaphycus	Archaeplastida	Rhodophyta
Laurencia	Archaeplastida	Rhodophyta
Lithophyllum	Archaeplastida	Rhodophyta
Mazzaella	Archaeplastida	Rhodophyta
Meiodiscus	Archaeplastida	Rhodophyta
Melanothamnus	Archaeplastida	Rhodophyta
Neoporphyra	Archaeplastida	Rhodophyta
Palisada	Archaeplastida	Rhodophyta
Palmaria	Archaeplastida	Rhodophyta
Palmaria	Archaeplastida	Rhodophyta
Porphyra	Archaeplastida	Rhodophyta
Porphyra	Archaeplastida	Rhodophyta
Porphyridium	Archaeplastida	Rhodophyta
Porphyridium	Archaeplastida	Rhodophyta
Porphyridium	Archaeplastida	Rhodophyta
Portieria	Archaeplastida	Rhodophyta
Pyropia	Archaeplastida	Rhodophyta
Pyropia	Archaeplastida	Rhodophyta
Pyropia	Archaeplastida	Rhodophyta
Pyropia	Archaeplastida	Rhodophyta
Rhodella	Archaeplastida	Rhodophyta
Rhodella	Archaeplastida	Rhodophyta
Rhodochaete	Archaeplastida	Rhodophyta
Rhodochorton	Archaeplastida	Rhodophyta
Rhodonematella	Archaeplastida	Rhodophyta
Rhodophysema	Archaeplastida	Rhodophyta
Rhodothamniella	Archaeplastida	Rhodophyta
Rubrointrusa	Archaeplastida	Rhodophyta
Sheathia	Archaeplastida	Rhodophyta
Solieria	Archaeplastida	Rhodophyta
Thorea	Archaeplastida	Rhodophyta
Timspurckia	Archaeplastida	Rhodophyta
Virescentia	Archaeplastida	Rhodophyta
Ceratodon	Archaeplastida	Streptophyta
Chara	Archaeplastida	Streptophyta
Klebsormidium	Archaeplastida	Streptophyta
Physcomitrium	Archaeplastida	Streptophyta
Sphagnum	Archaeplastida	Streptophyta
Sphagnum	Archaeplastida	Streptophyta
Andreaea	Archaeplastida	Streptophyta
Anthoceros	Archaeplastida	Streptophyta
Bambusina	Archaeplastida	Streptophyta
Chaetosphaeridium	Archaeplastida	Streptophyta
Chaetosphaeridium	Archaeplastida	Streptophyta
Chara	Archaeplastida	Streptophyta
Chara	Archaeplastida	Streptophyta
Chara	Archaeplastida	Streptophyta
Chara	Archaeplastida	Streptophyta
Chlorokybus	Archaeplastida	Streptophyta
Closterium	Archaeplastida	Streptophyta
Closterium	Archaeplastida	Streptophyta
Coleochaete	Archaeplastida	Streptophyta
Coleochaete	Archaeplastida	Streptophyta
Coleochaete	Archaeplastida	Streptophyta
Coleochaete	Archaeplastida	Streptophyta
Coleochaete	Archaeplastida	Streptophyta
Cosmarium	Archaeplastida	Streptophyta
Cosmarium	Archaeplastida	Streptophyta
Cosmarium	Archaeplastida	Streptophyta
Cosmarium	Archaeplastida	Streptophyta
Cosmarium	Archaeplastida	Streptophyta
Cosmarium	Archaeplastida	Streptophyta
Cylindrocystis	Archaeplastida	Streptophyta
Entransia	Archaeplastida	Streptophyta
Euastrum	Archaeplastida	Streptophyta
Folioceros	Archaeplastida	Streptophyta
Gonatozygon	Archaeplastida	Streptophyta
Gonatozygon	Archaeplastida	Streptophyta
Hormidiella	Archaeplastida	Streptophyta
Interfilum	Archaeplastida	Streptophyta
Interfilum	Archaeplastida	Streptophyta
Interfilum	Archaeplastida	Streptophyta
Klebsormidium	Archaeplastida	Streptophyta
Klebsormidium	Archaeplastida	Streptophyta
Klebsormidium	Archaeplastida	Streptophyta
Klebsormidium	Archaeplastida	Streptophyta
Klebsormidium	Archaeplastida	Streptophyta
Klebsormidium	Archaeplastida	Streptophyta
Klebsormidium	Archaeplastida	Streptophyta
Klebsormidium	Archaeplastida	Streptophyta
Klebsormidium	Archaeplastida	Streptophyta
Klebsormidium	Archaeplastida	Streptophyta
Klebsormidium	Archaeplastida	Streptophyta
Klebsormidium	Archaeplastida	Streptophyta
Klebsormidium	Archaeplastida	Streptophyta
Lamprothamnium	Archaeplastida	Streptophyta
Leiosporoceros	Archaeplastida	Streptophyta
Megaceros	Archaeplastida	Streptophyta
Mesostigma	Archaeplastida	Streptophyta
Mesotaenium	Archaeplastida	Streptophyta
Mesotaenium	Archaeplastida	Streptophyta
Mesotaenium	Archaeplastida	Streptophyta
Micrasterias	Archaeplastida	Streptophyta
Mougeotia	Archaeplastida	Streptophyta
Mougeotiopsis	Archaeplastida	Streptophyta
Nitella	Archaeplastida	Streptophyta
Nitella	Archaeplastida	Streptophyta
Nitellopsis	Archaeplastida	Streptophyta
Nothoceros	Archaeplastida	Streptophyta
Nucleotaenium	Archaeplastida	Streptophyta
Penium	Archaeplastida	Streptophyta
Phymatoceros	Archaeplastida	Streptophyta
Phymatodocis	Archaeplastida	Streptophyta
Planotaenium	Archaeplastida	Streptophyta
Pleurotaenium	Archaeplastida	Streptophyta
Pogonatum	Archaeplastida	Streptophyta
Pohlia	Archaeplastida	Streptophyta
Roya	Archaeplastida	Streptophyta
Sanionia	Archaeplastida	Streptophyta
Serritaenia	Archaeplastida	Streptophyta
Serritaenia	Archaeplastida	Streptophyta
Sphaerozosma	Archaeplastida	Streptophyta
Spirogloea	Archaeplastida	Streptophyta
Staurastrum	Archaeplastida	Streptophyta
Staurastrum	Archaeplastida	Streptophyta
Staurodesmus	Archaeplastida	Streptophyta
Streptofilum	Archaeplastida	Streptophyta
Streptosarcina	Archaeplastida	Streptophyta
Streptosarcina	Archaeplastida	Streptophyta
Takakia	Archaeplastida	Streptophyta
Tetraphis	Archaeplastida	Streptophyta
Xanthidium	Archaeplastida	Streptophyta
Zygnema	Archaeplastida	Streptophyta
Zygnema	Archaeplastida	Streptophyta
Lenisia	Breviatea	
Diphylleia	CRuMs	Collodictyonidae
Glissandra	CRuMs	Glissandrida
Mantamonas	CRuMs	Mantamonadidae
Mantamonas	CRuMs	Mantamonadidae
Rigifila	CRuMs	Rigifila
Cryptomonas	Cryptista	Cryptomonadales
Cryptomonas	Cryptista	Cryptomonadales
Cryptomonas	Cryptista	Cryptomonadales
Cryptomonas	Cryptista	Cryptomonadales
Cryptomonas	Cryptista	Cryptomonadales
Hemiselmis	Cryptista	Cryptomonadales
Hemiselmis	Cryptista	Cryptomonadales
Hemiselmis	Cryptista	Cryptomonadales
Hemiselmis	Cryptista	Cryptomonadales
Hemiselmis	Cryptista	Cryptomonadales
Geminigera	Cryptista	Geminigeraceae
Hanusia	Cryptista	Geminigeraceae
Proteomonas	Cryptista	Geminigeraceae
Teleaulax	Cryptista	Geminigeraceae
Goniomonas	Cryptista	Goniomonadida
Hemiarma	Cryptista	Goniomonadida
Rhinomonas	Cryptista	Pyrenomonadaceae
Rhodomonas	Cryptista	Pyrenomonadaceae
Rhodomonas	Cryptista	Pyrenomonadaceae
Rhodomonas	Cryptista	Pyrenomonadaceae
Rhodomonas	Cryptista	Pyrenomonadaceae
Storeatula	Cryptista	Pyrenomonadaceae
Chroomonas	Cryptista	Pyrenomonadales
Chroomonas	Cryptista	Pyrenomonadales
Chroomonas	Cryptista	Pyrenomonadales
Tsukubamonas	Discoba	 Tsukubea
Bodo	Discoba	Euglenozoa
Diplonema	Discoba	Euglenozoa
Leishmania	Discoba	Euglenozoa
Leishmania	Discoba	Euglenozoa
Leishmania	Discoba	Euglenozoa
Leishmania	Discoba	Euglenozoa
Leishmania	Discoba	Euglenozoa
Leishmania	Discoba	Euglenozoa
Leishmania	Discoba	Euglenozoa
Leishmania	Discoba	Euglenozoa
Leptomonas	Discoba	Euglenozoa
Leptomonas	Discoba	Euglenozoa
Lotmaria	Discoba	Euglenozoa
Novymonas	Discoba	Euglenozoa
Porcisia	Discoba	Euglenozoa
Trypanosoma	Discoba	Euglenozoa
Trypanosoma	Discoba	Euglenozoa
Trypanosoma	Discoba	Euglenozoa
Trypanosoma	Discoba	Euglenozoa
Allobodo	Discoba	Euglenozoa
Artemidia	Discoba	Euglenozoa
Azumiobodo	Discoba	Euglenozoa
Chasmostoma	Discoba	Euglenozoa
Crithidia	Discoba	Euglenozoa
Crithidia	Discoba	Euglenozoa
Cruzella	Discoba	Euglenozoa
Diplonema	Discoba	Euglenozoa
Diplonema	Discoba	Euglenozoa
Diplonema	Discoba	Euglenozoa
Entosiphon	Discoba	Euglenozoa
Euglena	Discoba	Euglenozoa
Euglena	Discoba	Euglenozoa
Euglena	Discoba	Euglenozoa
Euglena	Discoba	Euglenozoa
Eutreptiella	Discoba	Euglenozoa
Gaulosia	Discoba	Euglenozoa
Hemistasia	Discoba	Euglenozoa
Herpetomonas	Discoba	Euglenozoa
Herpetomonas	Discoba	Euglenozoa
Jaenimonas	Discoba	Euglenozoa
Jenningsia	Discoba	Euglenozoa
Lacrimia	Discoba	Euglenozoa
Leishmania	Discoba	Euglenozoa
Leishmania	Discoba	Euglenozoa
Leishmania	Discoba	Euglenozoa
Namystynia	Discoba	Euglenozoa
Neobodo	Discoba	Euglenozoa
Novijibodo	Discoba	Euglenozoa
Obscuromonas	Discoba	Euglenozoa
Obscuromonas	Discoba	Euglenozoa
Obscuromonas	Discoba	Euglenozoa
Obscuromonas	Discoba	Euglenozoa
Petalomonas	Discoba	Euglenozoa
Phytomonas	Discoba	Euglenozoa
Ploeotia	Discoba	Euglenozoa
Porcisia	Discoba	Euglenozoa
Procryptobia	Discoba	Euglenozoa
Rapaza	Discoba	Euglenozoa
Rhabdomonas	Discoba	Euglenozoa
Rhynchopus	Discoba	Euglenozoa
Rhynchopus	Discoba	Euglenozoa
Sergeia	Discoba	Euglenozoa
Sulcionema	Discoba	Euglenozoa
Trypanoplasma	Discoba	Euglenozoa
Trypanosoma	Discoba	Euglenozoa
Trypanosoma	Discoba	Euglenozoa
Trypanosoma	Discoba	Euglenozoa
Trypanosoma	Discoba	Euglenozoa
Trypanosoma	Discoba	Euglenozoa
Trypanosoma	Discoba	Euglenozoa
Trypanosoma	Discoba	Euglenozoa
Trypanosoma	Discoba	Euglenozoa
Trypanosoma	Discoba	Euglenozoa
Vickermania	Discoba	Euglenozoa
Wallacemonas	Discoba	Euglenozoa
Wallacemonas	Discoba	Euglenozoa
Zelonia	Discoba	Euglenozoa
Acrasis	Discoba	Heterolobosea
Naegleria	Discoba	Heterolobosea
Naegleria	Discoba	Heterolobosea
Naegleria	Discoba	Heterolobosea
Willaertia	Discoba	Heterolobosea
Creneis	Discoba	Heterolobosea
Dactylomonas	Discoba	Heterolobosea
Heteramoeba	Discoba	Heterolobosea
Naegleria	Discoba	Heterolobosea
Neovahlkampfia	Discoba	Heterolobosea
Percolomonas	Discoba	Heterolobosea
Pharyngomonas	Discoba	Heterolobosea
Pseudoharpagon	Discoba	Heterolobosea
Tetramitus	Discoba	Heterolobosea
Tetramitus	Discoba	Heterolobosea
Vahlkampfia	Discoba	Heterolobosea
Agogonia	Discoba	Jakobida
Andalucia	Discoba	Jakobida
Ophirina	Discoba	Jakobida
Raineriophrys	Haptista	Centroplasthelida
Raphidiophrys	Haptista	Centroplasthelida
Raphidocystis	Haptista	Centroplasthelida
Chrysochromulina	Haptista	Haptophyta
Diacronema	Haptista	Haptophyta
Emiliania	Haptista	Haptophyta
Prymnesium	Haptista	Haptophyta
Braarudosphaera	Haptista	Haptophyta
Calcidiscus	Haptista	Haptophyta
Chrysochromulina	Haptista	Haptophyta
Chrysochromulina	Haptista	Haptophyta
Chrysoculter	Haptista	Haptophyta
Chrysotila	Haptista	Haptophyta
Exanthemachrysis	Haptista	Haptophyta
Gephyrocapsa	Haptista	Haptophyta
Gephyrocapsa	Haptista	Haptophyta
Haptolina	Haptista	Haptophyta
Haptolina	Haptista	Haptophyta
Isochrysis	Haptista	Haptophyta
Ochrosphaera	Haptista	Haptophyta
Pavlomulina	Haptista	Haptophyta
Pavlova	Haptista	Haptophyta
Phaeocystis	Haptista	Haptophyta
Phaeocystis	Haptista	Haptophyta
Phaeocystis	Haptista	Haptophyta
Phaeocystis	Haptista	Haptophyta
Phaeocystis	Haptista	Haptophyta
Pleurochrysis	Haptista	Haptophyta
Prymnesium	Haptista	Haptophyta
Prymnesium	Haptista	Haptophyta
Scyphosphaera	Haptista	Haptophyta
Tisochrysis	Haptista	Haptophyta
Gefionella	incertae sedis	Malawimonada
Meteora	incertae sedis	Meteora
Microheliella	incertae sedis	Microheliella
Solarion	incertae sedis	Solarion
Telonema	incertae sedis	Telonemia
Anaeramoeba	Metamonada	Anaeramoebidae
Aduncisulcus	Metamonada	Fornicata
Carpediemonas	Metamonada	Fornicata
Giardia	Metamonada	Fornicata
Giardia	Metamonada	Fornicata
Giardia	Metamonada	Fornicata
Hexamita	Metamonada	Fornicata
Kipferlia	Metamonada	Fornicata
Spironucleus	Metamonada	Fornicata
Chilomastix	Metamonada	Fornicata
Dysnectes	Metamonada	Fornicata
Euthynema	Metamonada	Fornicata
Giardia	Metamonada	Fornicata
Gyromonas	Metamonada	Fornicata
Iotanema	Metamonada	Fornicata
Retortamonas	Metamonada	Fornicata
Trepomonas	Metamonada	Fornicata
Histomonas	Metamonada	Parabasalia
Trichomonas	Metamonada	Parabasalia
Tritrichomonas	Metamonada	Parabasalia
Dientamoeba	Metamonada	Parabasalia
Holomastigotoides	Metamonada	Parabasalia
Monocercomonas	Metamonada	Parabasalia
Pentatrichomonas	Metamonada	Parabasalia
Tetratrichomonas	Metamonada	Parabasalia
Trichomitus	Metamonada	Parabasalia
Trichomonas	Metamonada	Parabasalia
Trichomonas	Metamonada	Parabasalia
Tritrichomonas	Metamonada	Parabasalia
Tritrichomonas	Metamonada	Parabasalia
Uteronympha	Metamonada	Parabasalia
Blattamonas	Metamonada	Preaxostyla
Paratrimastix	Metamonada	Preaxostyla
Saccinobaculus	Metamonada	Preaxostyla
Trimastix	Metamonada	Preaxostyla
Monosiga	Opisthokonta	Choanoflagellata
Salpingoeca	Opisthokonta	Choanoflagellata
Acanthocorbis	Opisthokonta	Choanoflagellata
Acanthoeca	Opisthokonta	Choanoflagellata
Cepoeca	Opisthokonta	Choanoflagellata
Choanoeca	Opisthokonta	Choanoflagellata
Choanoeca	Opisthokonta	Choanoflagellata
Codosiga	Opisthokonta	Choanoflagellata
Diaphanoeca	Opisthokonta	Choanoflagellata
Didymoeca	Opisthokonta	Choanoflagellata
Hartaetosiga	Opisthokonta	Choanoflagellata
Hartaetosiga	Opisthokonta	Choanoflagellata
Hartaetosiga	Opisthokonta	Choanoflagellata
Helgoeca	Opisthokonta	Choanoflagellata
Microstomoeca	Opisthokonta	Choanoflagellata
Mylnosiga	Opisthokonta	Choanoflagellata
Salpingoeca	Opisthokonta	Choanoflagellata
Salpingoeca	Opisthokonta	Choanoflagellata
Salpingoeca	Opisthokonta	Choanoflagellata
Salpingoeca	Opisthokonta	Choanoflagellata
Salpingoeca	Opisthokonta	Choanoflagellata
Salpingoeca	Opisthokonta	Choanoflagellata
Savillea	Opisthokonta	Choanoflagellata
Stephanoeca	Opisthokonta	Choanoflagellata
Capsaspora	Opisthokonta	Filasterea
Ministeria	Opisthokonta	Filasterea
Actinomortierella	Opisthokonta	Fungi
Allomyces	Opisthokonta	Fungi
Ambispora	Opisthokonta	Fungi
Amoeboaphelidium	Opisthokonta	Fungi
Amoeboaphelidium	Opisthokonta	Fungi
Apiotrichum	Opisthokonta	Fungi
Arthrobotrys	Opisthokonta	Fungi
Ascobolus	Opisthokonta	Fungi
Ascodesmis	Opisthokonta	Fungi
Ascoidea	Opisthokonta	Fungi
Aspergillus	Opisthokonta	Fungi
Aspergillus	Opisthokonta	Fungi
Astathelohania	Opisthokonta	Fungi
Aureobasidium	Opisthokonta	Fungi
Bacidia	Opisthokonta	Fungi
Basidiobolus	Opisthokonta	Fungi
Binucleata	Opisthokonta	Fungi
Blastocladiella	Opisthokonta	Fungi
Blastomyces	Opisthokonta	Fungi
Candida	Opisthokonta	Fungi
Candidozyma	Opisthokonta	Fungi
Cantharellus	Opisthokonta	Fungi
Catenaria	Opisthokonta	Fungi
Choiromyces	Opisthokonta	Fungi
Cladophialophora	Opisthokonta	Fungi
Cladosporium	Opisthokonta	Fungi
Coccidioides	Opisthokonta	Fungi
Coelomomyces	Opisthokonta	Fungi
Coemansia	Opisthokonta	Fungi
Cokeromyces	Opisthokonta	Fungi
Conglomerata	Opisthokonta	Fungi
Cryptococcus	Opisthokonta	Fungi
Cyberlindnera	Opisthokonta	Fungi
Cystobasidium	Opisthokonta	Fungi
Dacryopinax	Opisthokonta	Fungi
Dactylella	Opisthokonta	Fungi
Didymella	Opisthokonta	Fungi
Dimargaris	Opisthokonta	Fungi
Drechslerella	Opisthokonta	Fungi
Elaphomyces	Opisthokonta	Fungi
Encephalitozoon	Opisthokonta	Fungi
Endocarpon	Opisthokonta	Fungi
Entomophthora	Opisthokonta	Fungi
Epithele	Opisthokonta	Fungi
Filobasidium	Opisthokonta	Fungi
Fimicolochytrium	Opisthokonta	Fungi
Flavoplaca	Opisthokonta	Fungi
Fusarium	Opisthokonta	Fungi
Gamsiella	Opisthokonta	Fungi
Geoglossum	Opisthokonta	Fungi
Geopyxis	Opisthokonta	Fungi
Geosiphon	Opisthokonta	Fungi
Glugoides	Opisthokonta	Fungi
Halteromyces	Opisthokonta	Fungi
Hamiltosporidium	Opisthokonta	Fungi
Icmadophila	Opisthokonta	Fungi
Jimgerdemannia	Opisthokonta	Fungi
Kickxella	Opisthokonta	Fungi
Kwoniella	Opisthokonta	Fungi
Lambiella	Opisthokonta	Fungi
Lentinula	Opisthokonta	Fungi
Lentinus	Opisthokonta	Fungi
Lithohypha	Opisthokonta	Fungi
Lobosporangium	Opisthokonta	Fungi
Massospora	Opisthokonta	Fungi
Microsporum	Opisthokonta	Fungi
Mitosporidium	Opisthokonta	Fungi
Mrakia	Opisthokonta	Fungi
Mucor	Opisthokonta	Fungi
Mycosarcoma	Opisthokonta	Fungi
Neolecta	Opisthokonta	Fungi
Neurospora	Opisthokonta	Fungi
Nucleospora	Opisthokonta	Fungi
Ogataea	Opisthokonta	Fungi
Olpidium	Opisthokonta	Fungi
Orbilia	Opisthokonta	Fungi
Ordospora	Opisthokonta	Fungi
Paracoccidioides	Opisthokonta	Fungi
Penicillium	Opisthokonta	Fungi
Peziza	Opisthokonta	Fungi
Physcia	Opisthokonta	Fungi
Pisolithus	Opisthokonta	Fungi
Plenodomus	Opisthokonta	Fungi
Pleopsidium	Opisthokonta	Fungi
Pneumocystis	Opisthokonta	Fungi
Pneumocystis	Opisthokonta	Fungi
Podila	Opisthokonta	Fungi
Polychytrium	Opisthokonta	Fungi
Pseudocyphellaria	Opisthokonta	Fungi
Psilocybe	Opisthokonta	Fungi
Pyronema	Opisthokonta	Fungi
Rasamsonia	Opisthokonta	Fungi
Rhizina	Opisthokonta	Fungi
Rhizoctonia	Opisthokonta	Fungi
Rhizophagus	Opisthokonta	Fungi
Rhizopus	Opisthokonta	Fungi
Rozella	Opisthokonta	Fungi
Saccharomyces	Opisthokonta	Fungi
Saitoella	Opisthokonta	Fungi
Saitoella	Opisthokonta	Fungi
Saitozyma	Opisthokonta	Fungi
Savitreella	Opisthokonta	Fungi
Schizosaccharomyces	Opisthokonta	Fungi
Schizosaccharomyces	Opisthokonta	Fungi
Sphaerosporella	Opisthokonta	Fungi
Sphaerulina	Opisthokonta	Fungi
Spizellomyces	Opisthokonta	Fungi
Stereum	Opisthokonta	Fungi
Suillus	Opisthokonta	Fungi
Synchytrium	Opisthokonta	Fungi
Talaromyces	Opisthokonta	Fungi
Terfezia	Opisthokonta	Fungi
Thecaphora	Opisthokonta	Fungi
Thelotrema	Opisthokonta	Fungi
Thermoascus	Opisthokonta	Fungi
Tieghemiomyces	Opisthokonta	Fungi
Tirmania	Opisthokonta	Fungi
Trametes	Opisthokonta	Fungi
Tricharina	Opisthokonta	Fungi
Trichophaea	Opisthokonta	Fungi
Trichophyton	Opisthokonta	Fungi
Tuber	Opisthokonta	Fungi
Tubulinosema	Opisthokonta	Fungi
Umbelopsis	Opisthokonta	Fungi
Umbilicaria	Opisthokonta	Fungi
Uncinocarpus	Opisthokonta	Fungi
Ustilago	Opisthokonta	Fungi
Verruconis	Opisthokonta	Fungi
Westerdykella	Opisthokonta	Fungi
Wickerhamomyces	Opisthokonta	Fungi
Wilcoxina	Opisthokonta	Fungi
Xylaria	Opisthokonta	Fungi
Yarrowia	Opisthokonta	Fungi
Zychaea	Opisthokonta	Fungi
Aestipascuomyces	Opisthokonta	Fungi
Anaeromyces	Opisthokonta	Fungi
Anthracobia	Opisthokonta	Fungi
Aphelidium	Opisthokonta	Fungi
Aphelidium	Opisthokonta	Fungi
Caecomyces	Opisthokonta	Fungi
Cyllamyces	Opisthokonta	Fungi
Disciotis	Opisthokonta	Fungi
Feramyces	Opisthokonta	Fungi
Gyromitra	Opisthokonta	Fungi
Helvella	Opisthokonta	Fungi
Orpinomyces	Opisthokonta	Fungi
Paragyromitra	Opisthokonta	Fungi
Paraphelidium	Opisthokonta	Fungi
Paucimyces	Opisthokonta	Fungi
Pecoramyces	Opisthokonta	Fungi
Phymatotrichopsis	Opisthokonta	Fungi
Piromyces	Opisthokonta	Fungi
Plectania	Opisthokonta	Fungi
Pseudosarcosoma	Opisthokonta	Fungi
Sarcoscypha	Opisthokonta	Fungi
Taphrina	Opisthokonta	Fungi
Sphaeroforma	Opisthokonta	Ichthyosporea
Abeoforma	Opisthokonta	Ichthyosporea
Amoebidium	Opisthokonta	Ichthyosporea
Amoebidium	Opisthokonta	Ichthyosporea
Creolimax	Opisthokonta	Ichthyosporea
Ichthyophonus	Opisthokonta	Ichthyosporea
Pirum	Opisthokonta	Ichthyosporea
Sphaeroforma	Opisthokonta	Ichthyosporea
Sphaeroforma	Opisthokonta	Ichthyosporea
Sphaeroforma	Opisthokonta	Ichthyosporea
Sphaeroforma	Opisthokonta	Ichthyosporea
Sphaeroforma	Opisthokonta	Ichthyosporea
Sphaerothecum	Opisthokonta	Ichthyosporea
Corallochytrium	Opisthokonta	incertae sedis
Tunicaraptor	Opisthokonta	incertae sedis
Acartia	Opisthokonta	Metazoa
Acropora	Opisthokonta	Metazoa
Actinia	Opisthokonta	Metazoa
Adineta	Opisthokonta	Metazoa
Alligator	Opisthokonta	Metazoa
Amblyomma	Opisthokonta	Metazoa
Amphibalanus	Opisthokonta	Metazoa
Amphimedon	Opisthokonta	Metazoa
Amphiura	Opisthokonta	Metazoa
Anneissia	Opisthokonta	Metazoa
Anolis	Opisthokonta	Metazoa
Apis	Opisthokonta	Metazoa
Apostichopus	Opisthokonta	Metazoa
Archispirostreptus	Opisthokonta	Metazoa
Ascidia	Opisthokonta	Metazoa
Asterias	Opisthokonta	Metazoa
Bolinopsis	Opisthokonta	Metazoa
Bombyx	Opisthokonta	Metazoa
Bos	Opisthokonta	Metazoa
Branchiostoma	Opisthokonta	Metazoa
Branchiostoma	Opisthokonta	Metazoa
Brugia	Opisthokonta	Metazoa
Caenorhabditis	Opisthokonta	Metazoa
Canis	Opisthokonta	Metazoa
Capitella	Opisthokonta	Metazoa
Carcharodon	Opisthokonta	Metazoa
Chamberlinius	Opisthokonta	Metazoa
Chelonia	Opisthokonta	Metazoa
Ciona	Opisthokonta	Metazoa
Clytia	Opisthokonta	Metazoa
Corticium	Opisthokonta	Metazoa
Crassostrea	Opisthokonta	Metazoa
Danaus	Opisthokonta	Metazoa
Danio	Opisthokonta	Metazoa
Daphnia	Opisthokonta	Metazoa
Dendronephthya	Opisthokonta	Metazoa
Dermatophagoides	Opisthokonta	Metazoa
Diadema	Opisthokonta	Metazoa
Didymodactylos	Opisthokonta	Metazoa
Dysidea	Opisthokonta	Metazoa
Echinococcus	Opisthokonta	Metazoa
Emys	Opisthokonta	Metazoa
Ephydatia	Opisthokonta	Metazoa
Eupentacta	Opisthokonta	Metazoa
Exaiptasia	Opisthokonta	Metazoa
Folsomia	Opisthokonta	Metazoa
Gallus	Opisthokonta	Metazoa
Halichondria	Opisthokonta	Metazoa
Helobdella	Opisthokonta	Metazoa
Homarus	Opisthokonta	Metazoa
Homo	Opisthokonta	Metazoa
Hydra	Opisthokonta	Metazoa
Hydractinia	Opisthokonta	Metazoa
Intoshia	Opisthokonta	Metazoa
Ixodes	Opisthokonta	Metazoa
Latimeria	Opisthokonta	Metazoa
Lepeophtheirus	Opisthokonta	Metazoa
Limulus	Opisthokonta	Metazoa
Lineus	Opisthokonta	Metazoa
Lingula	Opisthokonta	Metazoa
Liolophura	Opisthokonta	Metazoa
Lytechinus	Opisthokonta	Metazoa
Mobula	Opisthokonta	Metazoa
Montipora	Opisthokonta	Metazoa
Mus	Opisthokonta	Metazoa
Myxine	Opisthokonta	Metazoa
Nematostella	Opisthokonta	Metazoa
Neoechinorhynchus	Opisthokonta	Metazoa
Notodromas	Opisthokonta	Metazoa
Octopus	Opisthokonta	Metazoa
Oopsacas	Opisthokonta	Metazoa
Ornithorhynchus	Opisthokonta	Metazoa
Oscarella	Opisthokonta	Metazoa
Panonychus	Opisthokonta	Metazoa
Paramacrobiotus	Opisthokonta	Metazoa
Paramuricea	Opisthokonta	Metazoa
Parasteatoda	Opisthokonta	Metazoa
Patiria	Opisthokonta	Metazoa
Petromyzon	Opisthokonta	Metazoa
Physeter	Opisthokonta	Metazoa
Pocillopora	Opisthokonta	Metazoa
Polypterus	Opisthokonta	Metazoa
Pomphorhynchus	Opisthokonta	Metazoa
Porites	Opisthokonta	Metazoa
Priapulus	Opisthokonta	Metazoa
Procambarus	Opisthokonta	Metazoa
Protopterus	Opisthokonta	Metazoa
Ptychodera	Opisthokonta	Metazoa
Ramazzottius	Opisthokonta	Metazoa
Rhincodon	Opisthokonta	Metazoa
Rhopilema	Opisthokonta	Metazoa
Ridgeia	Opisthokonta	Metazoa
Rotaria	Opisthokonta	Metazoa
Saccoglossus	Opisthokonta	Metazoa
Schistosoma	Opisthokonta	Metazoa
Scolopendra	Opisthokonta	Metazoa
Scutigera	Opisthokonta	Metazoa
Strix	Opisthokonta	Metazoa
Strongylocentrotus	Opisthokonta	Metazoa
Sycon	Opisthokonta	Metazoa
Tachypleus	Opisthokonta	Metazoa
Tigriopus	Opisthokonta	Metazoa
Tribolium	Opisthokonta	Metazoa
Trichinella	Opisthokonta	Metazoa
Trichoplax	Opisthokonta	Metazoa
Tubulanus	Opisthokonta	Metazoa
Uloborus	Opisthokonta	Metazoa
Varroa	Opisthokonta	Metazoa
Vipera	Opisthokonta	Metazoa
Watersipora	Opisthokonta	Metazoa
Aiolochroia	Opisthokonta	Metazoa
Aplysina	Opisthokonta	Metazoa
Beroe	Opisthokonta	Metazoa
Chondrilla	Opisthokonta	Metazoa
Copula	Opisthokonta	Metazoa
Deiopea	Opisthokonta	Metazoa
Dendrilla	Opisthokonta	Metazoa
Halisarca	Opisthokonta	Metazoa
Hoilungia	Opisthokonta	Metazoa
Hormiphora	Opisthokonta	Metazoa
Ianthella	Opisthokonta	Metazoa
Mesodasys	Opisthokonta	Metazoa
Ocyropsis	Opisthokonta	Metazoa
Pheronema	Opisthokonta	Metazoa
Polymastia	Opisthokonta	Metazoa
Scyphidium	Opisthokonta	Metazoa
Vallicula	Opisthokonta	Metazoa
Velamen	Opisthokonta	Metazoa
Walteria	Opisthokonta	Metazoa
Fonticula	Opisthokonta	Rotosphaerida
Nuclearia	Opisthokonta	Rotosphaerida
Nuclearia	Opisthokonta	Rotosphaerida
Nuclearia	Opisthokonta	Rotosphaerida
Parvularia	Opisthokonta	Rotosphaerida
Pompholyxophrys	Opisthokonta	Rotosphaerida
Aulacantha	Rhizaria	Cercozoa
Bigelowiella	Rhizaria	Cercozoa
Bigelowiella	Rhizaria	Cercozoa
Bigelowiella		
Brevimastigomonas	Rhizaria	Cercozoa
Chlorarachnion	Rhizaria	Cercozoa
Ebria	Rhizaria	Cercozoa
Fisculla	Rhizaria	Cercozoa
Katarium	Rhizaria	Cercozoa
Lotharella	Rhizaria	Cercozoa
Lotharella	Rhizaria	Cercozoa
Lotharella	Rhizaria	Cercozoa
Orciraptor	Rhizaria	Cercozoa
Partenskyella	Rhizaria	Cercozoa
Protocystis	Rhizaria	Cercozoa
Rhogostoma	Rhizaria	Cercozoa
Rhogostoma	Rhizaria	Cercozoa
Rhogostoma	Rhizaria	Cercozoa
Rhogostoma	Rhizaria	Cercozoa
Rhogostoma	Rhizaria	Cercozoa
Rhogostoma	Rhizaria	Cercozoa
Rhogostoma	Rhizaria	Cercozoa
Rhogostoma	Rhizaria	Cercozoa
Saccharomycomorpha	Rhizaria	Cercozoa
Verrucomonas	Rhizaria	Cercozoa
Marteilia	Rhizaria	Endomyxa
Plasmodiophora	Rhizaria	Endomyxa
Leptophrys	Rhizaria	Endomyxa
Maullinia	Rhizaria	Endomyxa
Mikrocytos	Rhizaria	Endomyxa
Polymyxa	Rhizaria	Endomyxa
Spongospora	Rhizaria	Endomyxa
Reticulomyxa	Rhizaria	Retaria
Allogromia	Rhizaria	Retaria
Ammonia	Rhizaria	Retaria
Amphisorus	Rhizaria	Retaria
Aschemonella	Rhizaria	Retaria
Bolivina	Rhizaria	Retaria
Bolivina	Rhizaria	Retaria
Bolivina	Rhizaria	Retaria
Bolivinella	Rhizaria	Retaria
Calcarina	Rhizaria	Retaria
Cancris	Rhizaria	Retaria
Cassidulina	Rhizaria	Retaria
Cribrostomoides	Rhizaria	Retaria
Cymbaloporetta	Rhizaria	Retaria
Eggerelloides	Rhizaria	Retaria
Elphidium	Rhizaria	Retaria
Elphidium	Rhizaria	Retaria
Eucyrtidium	Rhizaria	Retaria
Globigerinoides	Rhizaria	Retaria
Globigerinoides	Rhizaria	Retaria
Globobulimina	Rhizaria	Retaria
Globobulimina	Rhizaria	Retaria
Globobulimina	Rhizaria	Retaria
Haynesina	Rhizaria	Retaria
Hippocrepina	Rhizaria	Retaria
Hippocrepinella	Rhizaria	Retaria
Hippocrepinella	Rhizaria	Retaria
Nonionella	Rhizaria	Retaria
Nonionella	Rhizaria	Retaria
Nonionellina	Rhizaria	Retaria
Nonionoides	Rhizaria	Retaria
Psammophaga	Rhizaria	Retaria
Pseudothurammina	Rhizaria	Retaria
Pseudowebbinella	Rhizaria	Retaria
Quinqueloculina	Rhizaria	Retaria
Shinkaiya	Rhizaria	Retaria
Textularia	Rhizaria	Retaria
Thalassicolla	Rhizaria	Retaria
Toxisarcon	Rhizaria	Retaria
Trochammina	Rhizaria	Retaria
Uvigerina	Rhizaria	Retaria
Valvulineria	Rhizaria	Retaria
Glossomastix	Stramenopila	 Pinguiophyceae
Phaeomonas	Stramenopila	 Pinguiophyceae
Pinguiococcus	Stramenopila	 Pinguiophyceae
Chattonella	Stramenopila	 Raphidophyceae
Chattonella	Stramenopila	 Raphidophyceae
Fibrocapsa	Stramenopila	 Raphidophyceae
Gonyostomum	Stramenopila	 Raphidophyceae
Chlamydomyxa	Stramenopila	 Synurophyceae
Poterioochromonas	Stramenopila	 Synurophyceae
Actinophrys	Stramenopila	Actinophryidae
Chaetoceros	Stramenopila	Bacillariophyta
Conticribra	Stramenopila	Bacillariophyta
Cyclotella	Stramenopila	Bacillariophyta
Cylindrotheca	Stramenopila	Bacillariophyta
Discostella	Stramenopila	Bacillariophyta
Epithema	Stramenopila	Bacillariophyta
Fistulifera	Stramenopila	Bacillariophyta
Fragilaria	Stramenopila	Bacillariophyta
Fragilariopsis	Stramenopila	Bacillariophyta
Mayamaea	Stramenopila	Bacillariophyta
Mediolabrus	Stramenopila	Bacillariophyta
Nitzschia	Stramenopila	Bacillariophyta
Phaeodactylum	Stramenopila	Bacillariophyta
Seminavis	Stramenopila	Bacillariophyta
Skeletonema	Stramenopila	Bacillariophyta
Stephanodiscus	Stramenopila	Bacillariophyta
Thalassiosira	Stramenopila	Bacillariophyta
Acanthoceras	Stramenopila	Bacillariophyta
Achnanthes	Stramenopila	Bacillariophyta
Achnanthes	Stramenopila	Bacillariophyta
Achnanthidium	Stramenopila	Bacillariophyta
Actinocyclus	Stramenopila	Bacillariophyta
Actinoptychus	Stramenopila	Bacillariophyta
Amphora	Stramenopila	Bacillariophyta
Amphora	Stramenopila	Bacillariophyta
Ardissoneopsis	Stramenopila	Bacillariophyta
Astartiella	Stramenopila	Bacillariophyta
Asterionella	Stramenopila	Bacillariophyta
Asterionellopsis	Stramenopila	Bacillariophyta
Astrosyne	Stramenopila	Bacillariophyta
Attheya	Stramenopila	Bacillariophyta
Attheya	Stramenopila	Bacillariophyta
Aulacodiscus	Stramenopila	Bacillariophyta
Aulacoseira	Stramenopila	Bacillariophyta
Auricula	Stramenopila	Bacillariophyta
Bacillaria	Stramenopila	Bacillariophyta
Bacterosira	Stramenopila	Bacillariophyta
Bellerochea	Stramenopila	Bacillariophyta
Bellerochea	Stramenopila	Bacillariophyta
Biddulphiella	Stramenopila	Bacillariophyta
Biremis	Stramenopila	Bacillariophyta
Brockmanniella	Stramenopila	Bacillariophyta
Caloneis	Stramenopila	Bacillariophyta
Campylodiscus	Stramenopila	Bacillariophyta
Campylosira	Stramenopila	Bacillariophyta
Castoridens	Stramenopila	Bacillariophyta
Cerataulina	Stramenopila	Bacillariophyta
Cerataulina	Stramenopila	Bacillariophyta
Cerataulus	Stramenopila	Bacillariophyta
Chaetoceros	Stramenopila	Bacillariophyta
Chaetoceros	Stramenopila	Bacillariophyta
Chaetoceros	Stramenopila	Bacillariophyta
Chaetoceros	Stramenopila	Bacillariophyta
Chaetoceros	Stramenopila	Bacillariophyta
Chaetoceros	Stramenopila	Bacillariophyta
Chaetoceros	Stramenopila	Bacillariophyta
Chaetoceros	Stramenopila	Bacillariophyta
Chaetoceros	Stramenopila	Bacillariophyta
Chaetoceros	Stramenopila	Bacillariophyta
Chaetoceros	Stramenopila	Bacillariophyta
Chaetoceros	Stramenopila	Bacillariophyta
Cocconeis	Stramenopila	Bacillariophyta
Conticribra	Stramenopila	Bacillariophyta
Corethron	Stramenopila	Bacillariophyta
Coscinodiscus	Stramenopila	Bacillariophyta
Coscinodiscus	Stramenopila	Bacillariophyta
Craspedostauros	Stramenopila	Bacillariophyta
Craticula	Stramenopila	Bacillariophyta
Cyclophora	Stramenopila	Bacillariophyta
Cyclostephanos	Stramenopila	Bacillariophyta
Cyclotella	Stramenopila	Bacillariophyta
Cyclotella	Stramenopila	Bacillariophyta
Cyclotella	Stramenopila	Bacillariophyta
Cyclotella	Stramenopila	Bacillariophyta
Cymatosira	Stramenopila	Bacillariophyta
Cymbella	Stramenopila	Bacillariophyta
Cymbellonitzschia	Stramenopila	Bacillariophyta
Dactyliosolen	Stramenopila	Bacillariophyta
Decussiphycus	Stramenopila	Bacillariophyta
Delphineis	Stramenopila	Bacillariophyta
Denticula	Stramenopila	Bacillariophyta
Detonula	Stramenopila	Bacillariophyta
Detonula	Stramenopila	Bacillariophyta
Diadesmis	Stramenopila	Bacillariophyta
Diatoma	Stramenopila	Bacillariophyta
Diploneis	Stramenopila	Bacillariophyta
Diploneis	Stramenopila	Bacillariophyta
Diprora	Stramenopila	Bacillariophyta
Discostella	Stramenopila	Bacillariophyta
Discostella	Stramenopila	Bacillariophyta
Ditylum	Stramenopila	Bacillariophyta
Donkinia	Stramenopila	Bacillariophyta
Encyonema	Stramenopila	Bacillariophyta
Endictya	Stramenopila	Bacillariophyta
Entomoneis	Stramenopila	Bacillariophyta
Entomoneis	Stramenopila	Bacillariophyta
Epithemia	Stramenopila	Bacillariophyta
Epithemia	Stramenopila	Bacillariophyta
Eucampia	Stramenopila	Bacillariophyta
Eunotia	Stramenopila	Bacillariophyta
Eunotia	Stramenopila	Bacillariophyta
Eunotogramma	Stramenopila	Bacillariophyta
Extubocellulus	Stramenopila	Bacillariophyta
Fallacia	Stramenopila	Bacillariophyta
Florella	Stramenopila	Bacillariophyta
Fragilaria	Stramenopila	Bacillariophyta
Fragilaria	Stramenopila	Bacillariophyta
Fragilariforma	Stramenopila	Bacillariophyta
Fragilariopsis	Stramenopila	Bacillariophyta
Geissleria	Stramenopila	Bacillariophyta
Gomphonema	Stramenopila	Bacillariophyta
Gomphonema	Stramenopila	Bacillariophyta
Grammatophora	Stramenopila	Bacillariophyta
Grammatophora	Stramenopila	Bacillariophyta
Grammatophora	Stramenopila	Bacillariophyta
Grammonema	Stramenopila	Bacillariophyta
Guinardia	Stramenopila	Bacillariophyta
Gyrosigma	Stramenopila	Bacillariophyta
Haslea	Stramenopila	Bacillariophyta
Hemiaulus	Stramenopila	Bacillariophyta
Hobaniella	Stramenopila	Bacillariophyta
Iconella	Stramenopila	Bacillariophyta
Lauderia	Stramenopila	Bacillariophyta
Leptocylindrus	Stramenopila	Bacillariophyta
Leptocylindrus	Stramenopila	Bacillariophyta
Leyanella	Stramenopila	Bacillariophyta
Licmophora	Stramenopila	Bacillariophyta
Licmophora	Stramenopila	Bacillariophyta
Lithodesmium	Stramenopila	Bacillariophyta
Lithodesmium	Stramenopila	Bacillariophyta
Lucanicum	Stramenopila	Bacillariophyta
Mastodiscus	Stramenopila	Bacillariophyta
Mastogloia	Stramenopila	Bacillariophyta
Mastogloia	Stramenopila	Bacillariophyta
Meridion	Stramenopila	Bacillariophyta
Microtabella	Stramenopila	Bacillariophyta
Minidiscus	Stramenopila	Bacillariophyta
Minidiscus	Stramenopila	Bacillariophyta
Minidiscus	Stramenopila	Bacillariophyta
Minutocellus	Stramenopila	Bacillariophyta
Nanofrustulum	Stramenopila	Bacillariophyta
Nanofrustulum	Stramenopila	Bacillariophyta
Nanofrustulum	Stramenopila	Bacillariophyta
Navicula	Stramenopila	Bacillariophyta
Navicula	Stramenopila	Bacillariophyta
Navicula	Stramenopila	Bacillariophyta
Navicula	Stramenopila	Bacillariophyta
Navicula	Stramenopila	Bacillariophyta
Navicula	Stramenopila	Bacillariophyta
Navicula	Stramenopila	Bacillariophyta
Navicula	Stramenopila	Bacillariophyta
Navicula	Stramenopila	Bacillariophyta
Neidium	Stramenopila	Bacillariophyta
Neobrightwellia	Stramenopila	Bacillariophyta
Neobrightwellia	Stramenopila	Bacillariophyta
Neodelphineis	Stramenopila	Bacillariophyta
Neofragilaria	Stramenopila	Bacillariophyta
Nitzschia	Stramenopila	Bacillariophyta
Nitzschia	Stramenopila	Bacillariophyta
Nitzschia	Stramenopila	Bacillariophyta
Nitzschia	Stramenopila	Bacillariophyta
Nitzschia	Stramenopila	Bacillariophyta
Nitzschia	Stramenopila	Bacillariophyta
Odontella	Stramenopila	Bacillariophyta
Odontella	Stramenopila	Bacillariophyta
Opephora	Stramenopila	Bacillariophyta
Orizaformis	Stramenopila	Bacillariophyta
Orthoseira	Stramenopila	Bacillariophyta
Papiliocellulus	Stramenopila	Bacillariophyta
Paralia	Stramenopila	Bacillariophyta
Paralia	Stramenopila	Bacillariophyta
Pinnularia	Stramenopila	Bacillariophyta
Plagiogramma	Stramenopila	Bacillariophyta
Plagiogramma	Stramenopila	Bacillariophyta
Plagiostriata	Stramenopila	Bacillariophyta
Planktoniella	Stramenopila	Bacillariophyta
Planktoniella	Stramenopila	Bacillariophyta
Planothidium	Stramenopila	Bacillariophyta
Pleurosira	Stramenopila	Bacillariophyta
Podocystis	Stramenopila	Bacillariophyta
Podosira	Stramenopila	Bacillariophyta
Podosira	Stramenopila	Bacillariophyta
Porosira	Stramenopila	Bacillariophyta
Porosira	Stramenopila	Bacillariophyta
Proboscia	Stramenopila	Bacillariophyta
Proboscia	Stramenopila	Bacillariophyta
Proschkinia	Stramenopila	Bacillariophyta
Protokeelia	Stramenopila	Bacillariophyta
Psammodictyon	Stramenopila	Bacillariophyta
Psammoneis	Stramenopila	Bacillariophyta
Psammotaenia	Stramenopila	Bacillariophyta
Pseudauliscus	Stramenopila	Bacillariophyta
Pseudictyota	Stramenopila	Bacillariophyta
Pseudoleyanella	Stramenopila	Bacillariophyta
Pseudostriatella	Stramenopila	Bacillariophyta
Ralfsiella	Stramenopila	Bacillariophyta
Rhabdonema	Stramenopila	Bacillariophyta
Rhizosolenia	Stramenopila	Bacillariophyta
Rhoikoneis	Stramenopila	Bacillariophyta
Roundia	Stramenopila	Bacillariophyta
Schizostauron	Stramenopila	Bacillariophyta
Sellaphora	Stramenopila	Bacillariophyta
Serratifera	Stramenopila	Bacillariophyta
Skeletonema	Stramenopila	Bacillariophyta
Skeletonema	Stramenopila	Bacillariophyta
Skeletonema	Stramenopila	Bacillariophyta
Skeletonema	Stramenopila	Bacillariophyta
Skeletonema	Stramenopila	Bacillariophyta
Skeletonema	Stramenopila	Bacillariophyta
Skeletonema	Stramenopila	Bacillariophyta
Skeletonema	Stramenopila	Bacillariophyta
Stauroneis	Stramenopila	Bacillariophyta
Staurotropis	Stramenopila	Bacillariophyta
Stellarima	Stramenopila	Bacillariophyta
Stephanodiscus	Stramenopila	Bacillariophyta
Stephanodiscus	Stramenopila	Bacillariophyta
Stephanopyxis	Stramenopila	Bacillariophyta
Stephanopyxis	Stramenopila	Bacillariophyta
Sternimirus	Stramenopila	Bacillariophyta
Stoermeria	Stramenopila	Bacillariophyta
Striatella	Stramenopila	Bacillariophyta
Sundstroemia	Stramenopila	Bacillariophyta
Surirella	Stramenopila	Bacillariophyta
Synedra	Stramenopila	Bacillariophyta
Tabellaria	Stramenopila	Bacillariophyta
Tabularia	Stramenopila	Bacillariophyta
Talaroneis	Stramenopila	Bacillariophyta
Tenuicylindrus	Stramenopila	Bacillariophyta
Tetramphora	Stramenopila	Bacillariophyta
Thalassionema	Stramenopila	Bacillariophyta
Thalassionema	Stramenopila	Bacillariophyta
Thalassiophysa	Stramenopila	Bacillariophyta
Thalassiosira	Stramenopila	Bacillariophyta
Thalassiosira	Stramenopila	Bacillariophyta
Thalassiosira	Stramenopila	Bacillariophyta
Thalassiosira	Stramenopila	Bacillariophyta
Thalassiosira	Stramenopila	Bacillariophyta
Thalassiosira	Stramenopila	Bacillariophyta
Thalassiosira	Stramenopila	Bacillariophyta
Thalassiosira	Stramenopila	Bacillariophyta
Thalassiosira	Stramenopila	Bacillariophyta
Thalassiosira	Stramenopila	Bacillariophyta
Thalassiosira	Stramenopila	Bacillariophyta
Thalassiosira	Stramenopila	Bacillariophyta
Thalassiosira	Stramenopila	Bacillariophyta
Thalassiosira	Stramenopila	Bacillariophyta
Thalassiosira	Stramenopila	Bacillariophyta
Thalassiothrix	Stramenopila	Bacillariophyta
Toxarium	Stramenopila	Bacillariophyta
Triceratium	Stramenopila	Bacillariophyta
Trieres	Stramenopila	Bacillariophyta
Tryblionella	Stramenopila	Bacillariophyta
Tryblionella	Stramenopila	Bacillariophyta
Tryblionella	Stramenopila	Bacillariophyta
Tryblionella	Stramenopila	Bacillariophyta
Ulnaria	Stramenopila	Bacillariophyta
Ulnaria	Stramenopila	Bacillariophyta
Urosolenia	Stramenopila	Bacillariophyta
Triparma	Stramenopila	Bolidophyceae
Triparma	Stramenopila	Bolidophyceae
Triparma	Stramenopila	Bolidophyceae
Chromulina	Stramenopila	Chrysophyceae
Chromulina	Stramenopila	Chrysophyceae
Chrysamoeba	Stramenopila	Chrysophyceae
Dinobryon	Stramenopila	Chrysophyceae
Dinobryon	Stramenopila	Chrysophyceae
Hydrurus	Stramenopila	Chrysophyceae
Kremastochrysopsis	Stramenopila	Chrysophyceae
Ochromonas	Stramenopila	Chrysophyceae
Ochromonas	Stramenopila	Chrysophyceae
Ochromonas	Stramenopila	Chrysophyceae
Paraphysomonas	Stramenopila	Chrysophyceae
Paraphysomonas	Stramenopila	Chrysophyceae
Paraphysomonas	Stramenopila	Chrysophyceae
Paraphysomonas	Stramenopila	Chrysophyceae
Pedospumella	Stramenopila	Chrysophyceae
Phaeobotrys	Stramenopila	Chrysophyceae
Poteriospumella	Stramenopila	Chrysophyceae
Spumella	Stramenopila	Chrysophyceae
Spumella	Stramenopila	Chrysophyceae
Cubaremonas	Stramenopila	Developea
Develocanicus	Stramenopila	Developea
Develocauda	Stramenopila	Developea
Developayella	Stramenopila	Developea
Mediocremonas	Stramenopila	Developea
Apedinella	Stramenopila	Dictyochophyceae
Dictyocha	Stramenopila	Dictyochophyceae
Florenciella	Stramenopila	Dictyochophyceae
Mesopedinella	Stramenopila	Dictyochophyceae
Pseudopedinella	Stramenopila	Dictyochophyceae
Pteridomonas	Stramenopila	Dictyochophyceae
Rhizochromulina	Stramenopila	Dictyochophyceae
Nannochloropsis	Stramenopila	Eustigmatophyceae
Monodopsis	Stramenopila	Eustigmatophyceae
Nannochloropsis	Stramenopila	Eustigmatophyceae
Pseudostaurastrum	Stramenopila	Eustigmatophyceae
Trachydiscus	Stramenopila	Eustigmatophyceae
Vacuoliviride	Stramenopila	Eustigmatophyceae
Vischeria	Stramenopila	Eustigmatophyceae
Vischeria	Stramenopila	Eustigmatophyceae
Vischeria	Stramenopila	Eustigmatophyceae
Mastreximonas	Stramenopila	incertae sedis
Platysulcus	Stramenopila	Incertae sedis
Aplanochytrium	Stramenopila	Labyrinthulomycetes
Schizochytrium	Stramenopila	Labyrinthulomycetes
Schizochytrium	Stramenopila	Labyrinthulomycetes
Thraustochytrium	Stramenopila	Labyrinthulomycetes
Olisthodiscus	Stramenopila	Olisthodiscophyceae
Albugo	Stramenopila	Oomycota
Aphanomyces	Stramenopila	Oomycota
Aphanomyces	Stramenopila	Oomycota
Aphanomyces	Stramenopila	Oomycota
Aphanomyces	Stramenopila	Oomycota
Bremia	Stramenopila	Oomycota
Hyaloperonospora	Stramenopila	Oomycota
Lagenidium	Stramenopila	Oomycota
Peronosclerospora	Stramenopila	Oomycota
Peronospora	Stramenopila	Oomycota
Peronospora	Stramenopila	Oomycota
Peronospora	Stramenopila	Oomycota
Peronospora	Stramenopila	Oomycota
Phytophthora	Stramenopila	Oomycota
Phytophthora	Stramenopila	Oomycota
Phytophthora	Stramenopila	Oomycota
Phytophthora	Stramenopila	Oomycota
Phytophthora	Stramenopila	Oomycota
Phytophthora	Stramenopila	Oomycota
Phytophthora	Stramenopila	Oomycota
Phytophthora	Stramenopila	Oomycota
Phytophthora	Stramenopila	Oomycota
Phytophthora	Stramenopila	Oomycota
Plasmopara	Stramenopila	Oomycota
Pythium	Stramenopila	Oomycota
Pythium	Stramenopila	Oomycota
Saprolegnia	Stramenopila	Oomycota
Saprolegnia	Stramenopila	Oomycota
Albugo	Stramenopila	Oomycota
Aphanomyces	Stramenopila	Oomycota
Globisporangium	Stramenopila	Oomycota
Globisporangium	Stramenopila	Oomycota
Globisporangium	Stramenopila	Oomycota
Globisporangium	Stramenopila	Oomycota
Hyaloperonospora	Stramenopila	Oomycota
Peronospora	Stramenopila	Oomycota
Phytophthora	Stramenopila	Oomycota
Phytophthora	Stramenopila	Oomycota
Phytophthora	Stramenopila	Oomycota
Phytophthora	Stramenopila	Oomycota
Phytophthora	Stramenopila	Oomycota
Phytophthora	Stramenopila	Oomycota
Phytophthora	Stramenopila	Oomycota
Phytophthora	Stramenopila	Oomycota
Phytophthora	Stramenopila	Oomycota
Phytophthora	Stramenopila	Oomycota
Phytophthora	Stramenopila	Oomycota
Phytophthora	Stramenopila	Oomycota
Phytophthora	Stramenopila	Oomycota
Phytophthora	Stramenopila	Oomycota
Phytophthora	Stramenopila	Oomycota
Phytophthora	Stramenopila	Oomycota
Phytophthora	Stramenopila	Oomycota
Phytophthora	Stramenopila	Oomycota
Phytophthora	Stramenopila	Oomycota
Phytophthora	Stramenopila	Oomycota
Phytophthora	Stramenopila	Oomycota
Phytophthora	Stramenopila	Oomycota
Phytophthora	Stramenopila	Oomycota
Plasmopara	Stramenopila	Oomycota
Pseudoperonospora	Stramenopila	Oomycota
Pseudoperonospora	Stramenopila	Oomycota
Pythium	Stramenopila	Oomycota
Pythium	Stramenopila	Oomycota
Pythium	Stramenopila	Oomycota
Salisapilia	Stramenopila	Oomycota
Sclerospora	Stramenopila	Oomycota
Blastocystis	Stramenopila	Opalozoa
Hondaea	Stramenopila	Opalozoa
Cantina	Stramenopila	Opalozoa
Halocafeteria	Stramenopila	Opalozoa
Haloplacidia	Stramenopila	Opalozoa
Incisomonas	Stramenopila	Opalozoa
Pseudophyllomitus	Stramenopila	Opalozoa
Symbiomonas	Stramenopila	Opalozoa
Wobblia	Stramenopila	Opalozoa
Chrysophaeum	Stramenopila	Pelagophyceae
Pelagomonas	Stramenopila	Pelagophyceae
Aureoumbra	Stramenopila	Pelagophyceae
Chrysocystis	Stramenopila	Pelagophyceae
Pelagococcus	Stramenopila	Pelagophyceae
Picophagus	Stramenopila	Picophagaceae
Feodosia	Stramenopila	Pirsoniales
Koktebelia	Stramenopila	Pirsoniales
Pirsonia	Stramenopila	Pirsoniales
Pirsonia	Stramenopila	Pirsoniales
Ascophyllum	Stramenopila	PX Clade
Choristocarpus	Stramenopila	PX Clade
Discosporangium	Stramenopila	PX Clade
Ectocarpus	Stramenopila	PX Clade
Ectocarpus	Stramenopila	PX Clade
Laminaria	Stramenopila	PX Clade
Pylaiella	Stramenopila	PX Clade
Scytosiphon	Stramenopila	PX Clade
Sphacelaria	Stramenopila	PX Clade
Tribonema	Stramenopila	PX Clade
Agarum	Stramenopila	PX Clade
Alaria	Stramenopila	PX Clade
Alaria	Stramenopila	PX Clade
Ascoseira	Stramenopila	PX Clade
Aureophycus	Stramenopila	PX Clade
Botrydiopsis	Stramenopila	PX Clade
Chlorellidium	Stramenopila	PX Clade
Chorda	Stramenopila	PX Clade
Chordaria	Stramenopila	PX Clade
Cladosiphon	Stramenopila	PX Clade
Colpomenia	Stramenopila	PX Clade
Costaria	Stramenopila	PX Clade
Cymathaere	Stramenopila	PX Clade
Desmarestia	Stramenopila	PX Clade
Desmarestia	Stramenopila	PX Clade
Dictyopteris	Stramenopila	PX Clade
Dictyota	Stramenopila	PX Clade
Ecklonia	Stramenopila	PX Clade
Ecklonia	Stramenopila	PX Clade
Ecklonia	Stramenopila	PX Clade
Ectocarpus	Stramenopila	PX Clade
Ectocarpus	Stramenopila	PX Clade
Egregia	Stramenopila	PX Clade
Eisenia	Stramenopila	PX Clade
Elachista	Stramenopila	PX Clade
Feldmannia	Stramenopila	PX Clade
Fucus	Stramenopila	PX Clade
Fucus	Stramenopila	PX Clade
Fucus	Stramenopila	PX Clade
Fucus	Stramenopila	PX Clade
Fucus	Stramenopila	PX Clade
Fucus	Stramenopila	PX Clade
Fucus	Stramenopila	PX Clade
Halopteris	Stramenopila	PX Clade
Hedophyllum	Stramenopila	PX Clade
Heribaudiella	Stramenopila	PX Clade
Hesperophycus	Stramenopila	PX Clade
Heterococcus	Stramenopila	PX Clade
Himanthalia	Stramenopila	pX Clade
Ishige	Stramenopila	PX Clade
Laminaria	Stramenopila	PX Clade
Laminaria	Stramenopila	PX Clade
Laminarionema	Stramenopila	PX Clade
Lessonia	Stramenopila	PX Clade
Lessonia	Stramenopila	PX Clade
Macrocystis	Stramenopila	PX Clade
Macrocystis	Stramenopila	PX Clade
Myriotrichia	Stramenopila	PX Clade
Nemacystus	Stramenopila	PX Clade
Nereocystis	Stramenopila	PX Clade
Pelvetia	Stramenopila	PX Clade
Pelvetiopsis	Stramenopila	PX Clade
Pelvetiopsis	Stramenopila	PX Clade
Pelvetiopsis	Stramenopila	PX Clade
Petalonia	Stramenopila	PX Clade
Phaeosaccion	Stramenopila	PX Clade
Phaeoschizochlamys	Stramenopila	PX Clade
Pleurocladia	Stramenopila	PX Clade
Pleurophycus	Stramenopila	PX Clade
Porterinema	Stramenopila	PX Clade
Pseudochorda	Stramenopila	PX Clade
Pterygophora	Stramenopila	PX Clade
Punctaria	Stramenopila	PX Clade
Saccharina	Stramenopila	PX Clade
Saccharina	Stramenopila	PX Clade
Saccharina	Stramenopila	PX Clade
Saccharina	stramenopila	PX Clade
Saccorhiza	Stramenopila	PX Clade
Saccorhiza	Stramenopila	PX Clade
Sargassum	Stramenopila	PX Clade
Sargassum	Stramenopila	PX Clade
Sargassum	Stramenopila	PX Clade
Sargassum	Stramenopila	PX Clade
Sargassum	Stramenopila	PX Clade
Sargassum	Stramenopila	PX Clade
Sargassum	Stramenopila	PX Clade
Sargassum	Stramenopila	PX Clade
Sargassum	Stramenopila	PX Clade
Sargassum	Stramenopila	PX Clade
Schizocladia	Stramenopila	PX Clade
Scytosiphon	Stramenopila	PX Clade
Scytosiphon	Stramenopila	PX Clade
Silvetia	Stramenopila	PX Clade
Silvetia	Stramenopila	PX Clade
Sphaerotrichia	Stramenopila	PX Clade
Stichogloea	Stramenopila	PX Clade
Stichogloea	Stramenopila	PX Clade
Tetrasporopsis	Stramenopila	PX Clade
Tetrasporopsis	Stramenopila	PX Clade
Undaria	Stramenopila	PX Clade
Vaucheria	Stramenopila	PX Clade
Vaucheria	Stramenopila	PX Clade
Leucomyxa	Stramenopila	Synchromophyceae
Synchroma	Stramenopila	Synchromophyceae
