Taxon	Major_Clade	Minor_Clade	Percentage_in_Family	Percentage_in_Dataset
Margolisiella	Alveolata	Apicomplexa	1.32	3.18
Merocystis	Alveolata	Apicomplexa	1.32	3.18
Monocystis	Alveolata	Apicomplexa	1.32	3.18
Ophryocystis	Alveolata	Apicomplexa	1.32	3.18
Blepharisma	Alveolata	Ciliophora	2.97	6.17
Colpoda	Alveolata	Ciliophora	2.97	6.17
Colpoda	Alveolata	Ciliophora	2.97	6.17
Entodinium	Alveolata	Ciliophora	2.97	6.17
Fabrea	Alveolata	Ciliophora	2.97	6.17
Metopus	Alveolata	Ciliophora	2.97	6.17
Myriokaryon	Alveolata	Ciliophora	2.97	6.17
Protocruzia	Alveolata	Ciliophora	2.97	6.17
Stentor	Alveolata	Ciliophora	2.97	6.17
Piridium	Alveolata	Colpodellida	0.33	0.28
Amyloodinium	Alveolata	Dinophyceae	1.32	6.14
Durinskia	Alveolata	Dinophyceae	1.32	6.14
Karenia	Alveolata	Dinophyceae	1.32	6.14
Margalefidinium	Alveolata	Dinophyceae	1.32	6.14
Acanthamoeba	Amoebozoa		6.27	5.63
Heterostelium	Amoebozoa		6.27	5.63
Heterostelium	Amoebozoa		6.27	5.63
Tieghemostelium	Amoebozoa		6.27	5.63
Didymium	Amoebozoa		6.27	5.63
Filamoeba	Amoebozoa		6.27	5.63
Heterostelium	Amoebozoa		6.27	5.63
Mayorella	Amoebozoa		6.27	5.63
Microchlamys	Amoebozoa		6.27	5.63
Paramoeba	Amoebozoa		6.27	5.63
Paramoeba	Amoebozoa		6.27	5.63
Paramoeba	Amoebozoa		6.27	5.63
Raperostelium	Amoebozoa		6.27	5.63
Rhizamoeba	Amoebozoa		6.27	5.63
Stygamoeba	Amoebozoa		6.27	5.63
Unda	Amoebozoa		6.27	5.63
Vannella	Amoebozoa		6.27	5.63
Vannella	Amoebozoa		6.27	5.63
Vexillifera	Amoebozoa		6.27	5.63
Ancyromonas	Ancyromonadida	Ancyromonadidae	0.33	0.19
Chelonemonas	Apusozoa	Apusomonadida	0.99	0.47
Multimonas	Apusozoa	Apusomonadida	0.99	0.47
Singekia	Apusozoa	Apusomonadida	0.99	0.47
Cymbomonas	Archaeplastida	Chlorophyta	4.29	12.94
Pycnococcus	Archaeplastida	Chlorophyta	4.29	12.94
Chaetomorpha	Archaeplastida	Chlorophyta	4.29	12.94
Chloropicon	Archaeplastida	Chlorophyta	4.29	12.94
Coelastrella	Archaeplastida	Chlorophyta	4.29	12.94
Mantoniella	Archaeplastida	Chlorophyta	4.29	12.94
Neglectella	Archaeplastida	Chlorophyta	4.29	12.94
Nephroselmis	Archaeplastida	Chlorophyta	4.29	12.94
Oedocladium	Archaeplastida	Chlorophyta	4.29	12.94
Oedogonium	Archaeplastida	Chlorophyta	4.29	12.94
Oedogonium	Archaeplastida	Chlorophyta	4.29	12.94
Oltmannsiellopsis	Archaeplastida	Chlorophyta	4.29	12.94
Polyblepharides	Archaeplastida	Chlorophyta	4.29	12.94
Prasinococcus	Archaeplastida	Prasinodermophyta	0.33	0.09
Delisea	Archaeplastida	Rhodophyta	2.97	3.31
Amphiroa	Archaeplastida	Rhodophyta	2.97	3.31
Dixoniella	Archaeplastida	Rhodophyta	2.97	3.31
Gracilaria	Archaeplastida	Rhodophyta	2.97	3.31
Gracilariopsis	Archaeplastida	Rhodophyta	2.97	3.31
Lithophyllum	Archaeplastida	Rhodophyta	2.97	3.31
Mazzaella	Archaeplastida	Rhodophyta	2.97	3.31
Rhodella	Archaeplastida	Rhodophyta	2.97	3.31
Rhodothamniella	Archaeplastida	Rhodophyta	2.97	3.31
Klebsormidium	Archaeplastida	Streptophyta	4.95	3.87
Chaetosphaeridium	Archaeplastida	Streptophyta	4.95	3.87
Chaetosphaeridium	Archaeplastida	Streptophyta	4.95	3.87
Coleochaete	Archaeplastida	Streptophyta	4.95	3.87
Cylindrocystis	Archaeplastida	Streptophyta	4.95	3.87
Gonatozygon	Archaeplastida	Streptophyta	4.95	3.87
Hormidiella	Archaeplastida	Streptophyta	4.95	3.87
Klebsormidium	Archaeplastida	Streptophyta	4.95	3.87
Klebsormidium	Archaeplastida	Streptophyta	4.95	3.87
Klebsormidium	Archaeplastida	Streptophyta	4.95	3.87
Klebsormidium	Archaeplastida	Streptophyta	4.95	3.87
Mesostigma	Archaeplastida	Streptophyta	4.95	3.87
Pohlia	Archaeplastida	Streptophyta	4.95	3.87
Sanionia	Archaeplastida	Streptophyta	4.95	3.87
Takakia	Archaeplastida	Streptophyta	4.95	3.87
Glissandra	CRuMs	Glissandrida	0.33	0.03
Hemiselmis	Cryptista	Cryptomonadales	0.33	0.41
Teleaulax	Cryptista	Geminigeraceae	0.33	0.19
Hemiarma	Cryptista	Goniomonadida	0.33	0.13
Rhodomonas	Cryptista	Pyrenomonadaceae	0.33	0.19
Chroomonas	Cryptista	Pyrenomonadales	0.33	0.16
Diplonema	Discoba	Euglenozoa	0.66	4.44
Ploeotia	Discoba	Euglenozoa	0.66	4.44
Acrasis	Discoba	Heterolobosea	0.99	0.76
Naegleria	Discoba	Heterolobosea	0.99	0.76
Acrasis	Discoba	Heterolobosea	0.99	0.76
Chrysotila	Haptista	Haptophyta	0.99	1.04
Ochrosphaera	Haptista	Haptophyta	0.99	1.04
Pavlova	Haptista	Haptophyta	0.99	1.04
Microheliella	incertae sedis	Microheliella	0.33	0.03
Hexamita	Metamonada	Fornicata	0.33	0.69
Paratrimastix	Metamonada	Preaxostyla	0.66	0.28
Trimastix	Metamonada	Preaxostyla	0.66	0.28
Hartaetosiga	Opisthokonta	Choanoflagellata	2.31	0.82
Hartaetosiga	Opisthokonta	Choanoflagellata	2.31	0.82
Hartaetosiga	Opisthokonta	Choanoflagellata	2.31	0.82
Salpingoeca	Opisthokonta	Choanoflagellata	2.31	0.82
Salpingoeca	Opisthokonta	Choanoflagellata	2.31	0.82
Salpingoeca	Opisthokonta	Choanoflagellata	2.31	0.82
Salpingoeca	Opisthokonta	Choanoflagellata	2.31	0.82
Ministeria	Opisthokonta	Filasterea	0.33	0.06
Amoeboaphelidium	Opisthokonta	Fungi	3.96	5.82
Amoeboaphelidium	Opisthokonta	Fungi	3.96	5.82
Dentiscutata	Opisthokonta	Fungi	3.96	5.82
Geopyxis	Opisthokonta	Fungi	3.96	5.82
Hamiltosporidium	Opisthokonta	Fungi	3.96	5.82
Paracoccidioides	Opisthokonta	Fungi	3.96	5.82
Physcia	Opisthokonta	Fungi	3.96	5.82
Rhizophagus	Opisthokonta	Fungi	3.96	5.82
Sphaerosporella	Opisthokonta	Fungi	3.96	5.82
Wilcoxina	Opisthokonta	Fungi	3.96	5.82
Anthracobia	Opisthokonta	Fungi	3.96	5.82
Plectania	Opisthokonta	Fungi	3.96	5.82
Acropora	Opisthokonta	Metazoa	33.33	4.6
Actinia	Opisthokonta	Metazoa	33.33	4.6
Adineta	Opisthokonta	Metazoa	33.33	4.6
Alligator	Opisthokonta	Metazoa	33.33	4.6
Amphibalanus	Opisthokonta	Metazoa	33.33	4.6
Amphimedon	Opisthokonta	Metazoa	33.33	4.6
Amphiura	Opisthokonta	Metazoa	33.33	4.6
Anneissia	Opisthokonta	Metazoa	33.33	4.6
Apostichopus	Opisthokonta	Metazoa	33.33	4.6
Archispirostreptus	Opisthokonta	Metazoa	33.33	4.6
Artemia	Opisthokonta	Metazoa	33.33	4.6
Asterias	Opisthokonta	Metazoa	33.33	4.6
Bolinopsis	Opisthokonta	Metazoa	33.33	4.6
Bombyx	Opisthokonta	Metazoa	33.33	4.6
Bos	Opisthokonta	Metazoa	33.33	4.6
Branchiostoma	Opisthokonta	Metazoa	33.33	4.6
Branchiostoma	Opisthokonta	Metazoa	33.33	4.6
Canis	Opisthokonta	Metazoa	33.33	4.6
Carcharodon	Opisthokonta	Metazoa	33.33	4.6
Chelonia	Opisthokonta	Metazoa	33.33	4.6
Clytia	Opisthokonta	Metazoa	33.33	4.6
Corticium	Opisthokonta	Metazoa	33.33	4.6
Danaus	Opisthokonta	Metazoa	33.33	4.6
Danio	Opisthokonta	Metazoa	33.33	4.6
Daphnia	Opisthokonta	Metazoa	33.33	4.6
Dendronephthya	Opisthokonta	Metazoa	33.33	4.6
Diadema	Opisthokonta	Metazoa	33.33	4.6
Didymodactylos	Opisthokonta	Metazoa	33.33	4.6
Dysidea	Opisthokonta	Metazoa	33.33	4.6
Emys	Opisthokonta	Metazoa	33.33	4.6
Ephydatia	Opisthokonta	Metazoa	33.33	4.6
Eupentacta	Opisthokonta	Metazoa	33.33	4.6
Exaiptasia	Opisthokonta	Metazoa	33.33	4.6
Gallus	Opisthokonta	Metazoa	33.33	4.6
Geodia	Opisthokonta	Metazoa	33.33	4.6
Halichondria	Opisthokonta	Metazoa	33.33	4.6
Homarus	Opisthokonta	Metazoa	33.33	4.6
Homo	Opisthokonta	Metazoa	33.33	4.6
Hydra	Opisthokonta	Metazoa	33.33	4.6
Hydractinia	Opisthokonta	Metazoa	33.33	4.6
Ixodes	Opisthokonta	Metazoa	33.33	4.6
Latimeria	Opisthokonta	Metazoa	33.33	4.6
Lepeophtheirus	Opisthokonta	Metazoa	33.33	4.6
Limulus	Opisthokonta	Metazoa	33.33	4.6
Lineus	Opisthokonta	Metazoa	33.33	4.6
Lingula	Opisthokonta	Metazoa	33.33	4.6
Liolophura	Opisthokonta	Metazoa	33.33	4.6
Lytechinus	Opisthokonta	Metazoa	33.33	4.6
Mnemiopsis	Opisthokonta	Metazoa	33.33	4.6
Mobula	Opisthokonta	Metazoa	33.33	4.6
Montipora	Opisthokonta	Metazoa	33.33	4.6
Mus	Opisthokonta	Metazoa	33.33	4.6
Myxine	Opisthokonta	Metazoa	33.33	4.6
Nematostella	Opisthokonta	Metazoa	33.33	4.6
Octopus	Opisthokonta	Metazoa	33.33	4.6
Oopsacas	Opisthokonta	Metazoa	33.33	4.6
Ornithorhynchus	Opisthokonta	Metazoa	33.33	4.6
Oscarella	Opisthokonta	Metazoa	33.33	4.6
Paramacrobiotus	Opisthokonta	Metazoa	33.33	4.6
Paramuricea	Opisthokonta	Metazoa	33.33	4.6
Parasteatoda	Opisthokonta	Metazoa	33.33	4.6
Patiria	Opisthokonta	Metazoa	33.33	4.6
Petromyzon	Opisthokonta	Metazoa	33.33	4.6
Physeter	Opisthokonta	Metazoa	33.33	4.6
Pocillopora	Opisthokonta	Metazoa	33.33	4.6
Polypterus	Opisthokonta	Metazoa	33.33	4.6
Priapulus	Opisthokonta	Metazoa	33.33	4.6
Procambarus	Opisthokonta	Metazoa	33.33	4.6
Protopterus	Opisthokonta	Metazoa	33.33	4.6
Ptychodera	Opisthokonta	Metazoa	33.33	4.6
Pycnogonum	Opisthokonta	Metazoa	33.33	4.6
Rhincodon	Opisthokonta	Metazoa	33.33	4.6
Rhopilema	Opisthokonta	Metazoa	33.33	4.6
Ridgeia	Opisthokonta	Metazoa	33.33	4.6
Rotaria	Opisthokonta	Metazoa	33.33	4.6
Scolopendra	Opisthokonta	Metazoa	33.33	4.6
Scutigera	Opisthokonta	Metazoa	33.33	4.6
Strix	Opisthokonta	Metazoa	33.33	4.6
Strongylocentrotus	Opisthokonta	Metazoa	33.33	4.6
Sycon	Opisthokonta	Metazoa	33.33	4.6
Tachypleus	Opisthokonta	Metazoa	33.33	4.6
Tribolium	Opisthokonta	Metazoa	33.33	4.6
Trichinella	Opisthokonta	Metazoa	33.33	4.6
Uloborus	Opisthokonta	Metazoa	33.33	4.6
Vipera	Opisthokonta	Metazoa	33.33	4.6
Watersipora	Opisthokonta	Metazoa	33.33	4.6
Aiolochroia	Opisthokonta	Metazoa	33.33	4.6
Aplysina	Opisthokonta	Metazoa	33.33	4.6
Beroe	Opisthokonta	Metazoa	33.33	4.6
Chondrilla	Opisthokonta	Metazoa	33.33	4.6
Copula	Opisthokonta	Metazoa	33.33	4.6
Deiopea	Opisthokonta	Metazoa	33.33	4.6
Dendrilla	Opisthokonta	Metazoa	33.33	4.6
Hoilungia	Opisthokonta	Metazoa	33.33	4.6
Hormiphora	Opisthokonta	Metazoa	33.33	4.6
Ianthella	Opisthokonta	Metazoa	33.33	4.6
Mesodasys	Opisthokonta	Metazoa	33.33	4.6
Polymastia	Opisthokonta	Metazoa	33.33	4.6
Scyphidium	Opisthokonta	Metazoa	33.33	4.6
Vallicula	Opisthokonta	Metazoa	33.33	4.6
Walteria	Opisthokonta	Metazoa	33.33	4.6
Nuclearia	Opisthokonta	Rotosphaerida	0.33	0.25
Cryothecomonas	Rhizaria	Cercozoa	0.66	2.33
Euglypha	Rhizaria	Cercozoa	0.66	2.33
Leptophrys	Rhizaria	Endomyxa	0.99	0.38
Maullinia	Rhizaria	Endomyxa	0.99	0.38
Mikrocytos	Rhizaria	Endomyxa	0.99	0.38
Chattonella	Stramenopila	 Raphidophyceae	1.32	0.16
Chattonella	Stramenopila	 Raphidophyceae	1.32	0.16
Fibrocapsa	Stramenopila	 Raphidophyceae	1.32	0.16
Gonyostomum	Stramenopila	 Raphidophyceae	1.32	0.16
Epithema	Stramenopila	Bacillariophyta	13.2	9.98
Nitzschia	Stramenopila	Bacillariophyta	13.2	9.98
Seminavis	Stramenopila	Bacillariophyta	13.2	9.98
Acanthoceras	Stramenopila	Bacillariophyta	13.2	9.98
Achnanthidium	Stramenopila	Bacillariophyta	13.2	9.98
Actinoptychus	Stramenopila	Bacillariophyta	13.2	9.98
Aulacoseira	Stramenopila	Bacillariophyta	13.2	9.98
Biddulphiella	Stramenopila	Bacillariophyta	13.2	9.98
Brockmanniella	Stramenopila	Bacillariophyta	13.2	9.98
Chaetoceros	Stramenopila	Bacillariophyta	13.2	9.98
Chaetoceros	Stramenopila	Bacillariophyta	13.2	9.98
Conticribra	Stramenopila	Bacillariophyta	13.2	9.98
Corethron	Stramenopila	Bacillariophyta	13.2	9.98
Denticula	Stramenopila	Bacillariophyta	13.2	9.98
Diprora	Stramenopila	Bacillariophyta	13.2	9.98
Endictya	Stramenopila	Bacillariophyta	13.2	9.98
Eunotogramma	Stramenopila	Bacillariophyta	13.2	9.98
Gomphonema	Stramenopila	Bacillariophyta	13.2	9.98
Gomphonema	Stramenopila	Bacillariophyta	13.2	9.98
Leyanella	Stramenopila	Bacillariophyta	13.2	9.98
Lithodesmium	Stramenopila	Bacillariophyta	13.2	9.98
Neidium	Stramenopila	Bacillariophyta	13.2	9.98
Nitzschia	Stramenopila	Bacillariophyta	13.2	9.98
Orizaformis	Stramenopila	Bacillariophyta	13.2	9.98
Paralia	Stramenopila	Bacillariophyta	13.2	9.98
Paralia	Stramenopila	Bacillariophyta	13.2	9.98
Plagiogramma	Stramenopila	Bacillariophyta	13.2	9.98
Planothidium	Stramenopila	Bacillariophyta	13.2	9.98
Pleurosira	Stramenopila	Bacillariophyta	13.2	9.98
Podocystis	Stramenopila	Bacillariophyta	13.2	9.98
Pseudictyota	Stramenopila	Bacillariophyta	13.2	9.98
Rhabdonema	Stramenopila	Bacillariophyta	13.2	9.98
Rhizosolenia	Stramenopila	Bacillariophyta	13.2	9.98
Stephanopyxis	Stramenopila	Bacillariophyta	13.2	9.98
Sundstroemia	Stramenopila	Bacillariophyta	13.2	9.98
Surirella	Stramenopila	Bacillariophyta	13.2	9.98
Thalassiosira	Stramenopila	Bacillariophyta	13.2	9.98
Thalassiosira	Stramenopila	Bacillariophyta	13.2	9.98
Thalassiosira	Stramenopila	Bacillariophyta	13.2	9.98
Urosolenia	Stramenopila	Bacillariophyta	13.2	9.98
Dinobryon	Stramenopila	Chrysophyceae	0.99	0.91
Dinobryon	Stramenopila	Chrysophyceae	0.99	0.91
Ochromonas	Stramenopila	Chrysophyceae	0.99	0.91
Cubaremonas	Stramenopila	Developea	0.33	0.19
Dictyocha	Stramenopila	Dictyochophyceae	0.33	0.31
Vacuoliviride	Stramenopila	Eustigmatophyceae	0.33	0.41
Olisthodiscus	Stramenopila	Olisthodiscophyceae	0.66	0.06
Olisthodiscus	Stramenopila	Olisthodiscophyceae	0.66	0.06
Phytophthora	Stramenopila	Oomycota	2.97	2.23
Phytophthora	Stramenopila	Oomycota	2.97	2.23
Pythium	Stramenopila	Oomycota	2.97	2.23
Phytophthora	Stramenopila	Oomycota	2.97	2.23
Phytophthora	Stramenopila	Oomycota	2.97	2.23
Phytophthora	Stramenopila	Oomycota	2.97	2.23
Phytophthora	Stramenopila	Oomycota	2.97	2.23
Phytophthora	Stramenopila	Oomycota	2.97	2.23
Pythium	Stramenopila	Oomycota	2.97	2.23
Incisomonas	Stramenopila	Opalozoa	0.66	0.44
Pseudophyllomitus	Stramenopila	Opalozoa	0.66	0.44
Pirsonia	Stramenopila	Pirsoniales	0.33	0.13
Pylaiella	Stramenopila	PX Clade	4.62	3.43
Dictyota	Stramenopila	PX Clade	4.62	3.43
Ectocarpus	Stramenopila	PX Clade	4.62	3.43
Feldmannia	Stramenopila	PX Clade	4.62	3.43
Fucus	Stramenopila	PX Clade	4.62	3.43
Himanthalia	Stramenopila	pX Clade	0.33	0.03
Laminarionema	Stramenopila	PX Clade	4.62	3.43
Nemacystus	Stramenopila	PX Clade	4.62	3.43
Pleurocladia	Stramenopila	PX Clade	4.62	3.43
Saccorhiza	Stramenopila	PX Clade	4.62	3.43
Sargassum	Stramenopila	PX Clade	4.62	3.43
Sargassum	Stramenopila	PX Clade	4.62	3.43
Sargassum	Stramenopila	PX Clade	4.62	3.43
Sargassum	Stramenopila	PX Clade	4.62	3.43
Sargassum	Stramenopila	PX Clade	4.62	3.43
